"HITId","HITTypeId","Title","Description","Keywords","Reward","CreationTime","MaxAssignments","RequesterAnnotation","AssignmentDurationInSeconds","AutoApprovalDelayInSeconds","Expiration","NumberOfSimilarHITs","LifetimeInSeconds","AssignmentId","WorkerId","AssignmentStatus","AcceptTime","SubmitTime","AutoApprovalTime","ApprovalTime","RejectionTime","RequesterFeedback","WorkTimeInSeconds","LifetimeApprovalRate","Last30DaysApprovalRate","Last7DaysApprovalRate","Answer.surveycode","Approve","Reject"
"302OLP89E272GUA92T9CYJRT69HACR","3Q5AG2X64U1J7VYHK5Z3II3AK9TMVO","Watch pairs of videos and indicate your preferences (paired comparison)","This is a survey on audio-video preferences for an academic study","survey, video, audio, comparison, paired comparison","$5.00","Mon Jun 14 14:06:53 PDT 2021","120","BatchId:4476077;OriginalHitTemplateId:920937340;","3600","259200","Wed Jun 16 14:06:53 PDT 2021","","","30BUDKLTXGWNU5G0TQTS5G7XE8V5E7","A18MC27WTCEBA2","Submitted","Mon Jun 14 14:08:06 PDT 2021","Mon Jun 14 14:51:02 PDT 2021","Thu Jun 17 14:51:02 PDT 2021","","","","2576","0% (0/0)","0% (0/0)","0% (0/0)","A18MC27WTCEBA2"
"302OLP89E272GUA92T9CYJRT69HACR","3Q5AG2X64U1J7VYHK5Z3II3AK9TMVO","Watch pairs of videos and indicate your preferences (paired comparison)","This is a survey on audio-video preferences for an academic study","survey, video, audio, comparison, paired comparison","$5.00","Mon Jun 14 14:06:53 PDT 2021","120","BatchId:4476077;OriginalHitTemplateId:920937340;","3600","259200","Wed Jun 16 14:06:53 PDT 2021","","","30LB5CDZNFBMATLVS71T9VCOL6M0ZG","A2MPA5OAT635HG","Submitted","Mon Jun 14 19:41:54 PDT 2021","Mon Jun 14 20:22:28 PDT 2021","Thu Jun 17 20:22:28 PDT 2021","","","","2434","0% (0/0)","0% (0/0)","0% (0/0)","54127"
"302OLP89E272GUA92T9CYJRT69HACR","3Q5AG2X64U1J7VYHK5Z3II3AK9TMVO","Watch pairs of videos and indicate your preferences (paired comparison)","This is a survey on audio-video preferences for an academic study","survey, video, audio, comparison, paired comparison","$5.00","Mon Jun 14 14:06:53 PDT 2021","120","BatchId:4476077;OriginalHitTemplateId:920937340;","3600","259200","Wed Jun 16 14:06:53 PDT 2021","","","317HQ483IAT30ZOST9F5KC5BXM1NIN","AVXEDARJC5HLU","Submitted","Mon Jun 14 14:06:57 PDT 2021","Mon Jun 14 15:05:18 PDT 2021","Thu Jun 17 15:05:18 PDT 2021","","","","3501","0% (0/0)","0% (0/0)","0% (0/0)","No code given. On last screen was: We thank you for your time spent taking this survey. Your response has been recorded."
"302OLP89E272GUA92T9CYJRT69HACR","3Q5AG2X64U1J7VYHK5Z3II3AK9TMVO","Watch pairs of videos and indicate your preferences (paired comparison)","This is a survey on audio-video preferences for an academic study","survey, video, audio, comparison, paired comparison","$5.00","Mon Jun 14 14:06:53 PDT 2021","120","BatchId:4476077;OriginalHitTemplateId:920937340;","3600","259200","Wed Jun 16 14:06:53 PDT 2021","","","31HQ4X3T3VB26DO3M8T4BM791P3SLI","A3FGT6EU39C6S4","Submitted","Mon Jun 14 14:07:00 PDT 2021","Mon Jun 14 14:47:45 PDT 2021","Thu Jun 17 14:47:45 PDT 2021","","","","2445","0% (0/0)","0% (0/0)","0% (0/0)","A3FGT6EU39C6S4"
"302OLP89E272GUA92T9CYJRT69HACR","3Q5AG2X64U1J7VYHK5Z3II3AK9TMVO","Watch pairs of videos and indicate your preferences (paired comparison)","This is a survey on audio-video preferences for an academic study","survey, video, audio, comparison, paired comparison","$5.00","Mon Jun 14 14:06:53 PDT 2021","120","BatchId:4476077;OriginalHitTemplateId:920937340;","3600","259200","Wed Jun 16 14:06:53 PDT 2021","","","323Q6SJS8LHRGC0RP3E7CVVNVIAHFR","A1L8RL58MYU4NC","Submitted","Mon Jun 14 15:51:08 PDT 2021","Mon Jun 14 16:09:45 PDT 2021","Thu Jun 17 16:09:45 PDT 2021","","","","1117","0% (0/0)","0% (0/0)","0% (0/0)","69778"
"302OLP89E272GUA92T9CYJRT69HACR","3Q5AG2X64U1J7VYHK5Z3II3AK9TMVO","Watch pairs of videos and indicate your preferences (paired comparison)","This is a survey on audio-video preferences for an academic study","survey, video, audio, comparison, paired comparison","$5.00","Mon Jun 14 14:06:53 PDT 2021","120","BatchId:4476077;OriginalHitTemplateId:920937340;","3600","259200","Wed Jun 16 14:06:53 PDT 2021","","","32AT8R96GOA5P3BXVML5293SEGWSUC","A3N0QZ9ZKUCTCQ","Submitted","Mon Jun 14 14:07:36 PDT 2021","Mon Jun 14 14:34:14 PDT 2021","Thu Jun 17 14:34:14 PDT 2021","","","","1598","0% (0/0)","0% (0/0)","0% (0/0)","I completed the survey but there was no code at the end. Prior to the final page, there is a page with the text ""Click to write the question next"""
"302OLP89E272GUA92T9CYJRT69HACR","3Q5AG2X64U1J7VYHK5Z3II3AK9TMVO","Watch pairs of videos and indicate your preferences (paired comparison)","This is a survey on audio-video preferences for an academic study","survey, video, audio, comparison, paired comparison","$5.00","Mon Jun 14 14:06:53 PDT 2021","120","BatchId:4476077;OriginalHitTemplateId:920937340;","3600","259200","Wed Jun 16 14:06:53 PDT 2021","","","32AT8R96GOA5P3BXVML5293SEGZUSH","ASTDBTVY3WP1K","Submitted","Mon Jun 14 14:38:16 PDT 2021","Mon Jun 14 15:18:23 PDT 2021","Thu Jun 17 15:18:23 PDT 2021","","","","2407","0% (0/0)","0% (0/0)","0% (0/0)","ASTDBTVY3WP1K (no code provided; sent message via mturk)"
"302OLP89E272GUA92T9CYJRT69HACR","3Q5AG2X64U1J7VYHK5Z3II3AK9TMVO","Watch pairs of videos and indicate your preferences (paired comparison)","This is a survey on audio-video preferences for an academic study","survey, video, audio, comparison, paired comparison","$5.00","Mon Jun 14 14:06:53 PDT 2021","120","BatchId:4476077;OriginalHitTemplateId:920937340;","3600","259200","Wed Jun 16 14:06:53 PDT 2021","","","32Q90QCQ1VMQCO130DXY75QFBYBEKM","A1IU5OP7BBZHZ7","Submitted","Mon Jun 14 18:15:36 PDT 2021","Mon Jun 14 19:06:10 PDT 2021","Thu Jun 17 19:06:10 PDT 2021","","","","3034","0% (0/0)","0% (0/0)","0% (0/0)","81659"
"302OLP89E272GUA92T9CYJRT69HACR","3Q5AG2X64U1J7VYHK5Z3II3AK9TMVO","Watch pairs of videos and indicate your preferences (paired comparison)","This is a survey on audio-video preferences for an academic study","survey, video, audio, comparison, paired comparison","$5.00","Mon Jun 14 14:06:53 PDT 2021","120","BatchId:4476077;OriginalHitTemplateId:920937340;","3600","259200","Wed Jun 16 14:06:53 PDT 2021","","","33NF62TLXM3YN4NVEE8P4L37G6OJKT","A1KFK92GEFQ9F5","Submitted","Mon Jun 14 14:34:13 PDT 2021","Mon Jun 14 15:06:04 PDT 2021","Thu Jun 17 15:06:04 PDT 2021","","","","1911","0% (0/0)","0% (0/0)","0% (0/0)","We thank you for your time spent taking this survey. Your response has been recorded."
"302OLP89E272GUA92T9CYJRT69HACR","3Q5AG2X64U1J7VYHK5Z3II3AK9TMVO","Watch pairs of videos and indicate your preferences (paired comparison)","This is a survey on audio-video preferences for an academic study","survey, video, audio, comparison, paired comparison","$5.00","Mon Jun 14 14:06:53 PDT 2021","120","BatchId:4476077;OriginalHitTemplateId:920937340;","3600","259200","Wed Jun 16 14:06:53 PDT 2021","","","33PPO7FECYGUENXF4F12O7THJIJDIF","A70L26UXLTGLC","Submitted","Mon Jun 14 17:43:34 PDT 2021","Mon Jun 14 18:05:39 PDT 2021","Thu Jun 17 18:05:39 PDT 2021","","","","1325","0% (0/0)","0% (0/0)","0% (0/0)","91050"
"302OLP89E272GUA92T9CYJRT69HACR","3Q5AG2X64U1J7VYHK5Z3II3AK9TMVO","Watch pairs of videos and indicate your preferences (paired comparison)","This is a survey on audio-video preferences for an academic study","survey, video, audio, comparison, paired comparison","$5.00","Mon Jun 14 14:06:53 PDT 2021","120","BatchId:4476077;OriginalHitTemplateId:920937340;","3600","259200","Wed Jun 16 14:06:53 PDT 2021","","","33PPO7FECYGUENXF4F12O7THJISDIO","A1NF6PELRKACS9","Submitted","Mon Jun 14 19:29:09 PDT 2021","Mon Jun 14 20:04:09 PDT 2021","Thu Jun 17 20:04:09 PDT 2021","","","","2100","0% (0/0)","0% (0/0)","0% (0/0)","45590"
"302OLP89E272GUA92T9CYJRT69HACR","3Q5AG2X64U1J7VYHK5Z3II3AK9TMVO","Watch pairs of videos and indicate your preferences (paired comparison)","This is a survey on audio-video preferences for an academic study","survey, video, audio, comparison, paired comparison","$5.00","Mon Jun 14 14:06:53 PDT 2021","120","BatchId:4476077;OriginalHitTemplateId:920937340;","3600","259200","Wed Jun 16 14:06:53 PDT 2021","","","3483FV8BEHKRIT4Y5P8WVLC8D0G62M","A1SZCPDUF1M409","Submitted","Mon Jun 14 14:09:16 PDT 2021","Mon Jun 14 14:41:15 PDT 2021","Thu Jun 17 14:41:15 PDT 2021","","","","1919","0% (0/0)","0% (0/0)","0% (0/0)","A1SZCPDUF1M409"
"302OLP89E272GUA92T9CYJRT69HACR","3Q5AG2X64U1J7VYHK5Z3II3AK9TMVO","Watch pairs of videos and indicate your preferences (paired comparison)","This is a survey on audio-video preferences for an academic study","survey, video, audio, comparison, paired comparison","$5.00","Mon Jun 14 14:06:53 PDT 2021","120","BatchId:4476077;OriginalHitTemplateId:920937340;","3600","259200","Wed Jun 16 14:06:53 PDT 2021","","","34T446B1C3F920AL0THLYXB3CP60CP","AUQTHU5AOZVQC","Submitted","Mon Jun 14 20:44:48 PDT 2021","Mon Jun 14 21:32:27 PDT 2021","Thu Jun 17 21:32:27 PDT 2021","","","","2859","0% (0/0)","0% (0/0)","0% (0/0)","83215"
"302OLP89E272GUA92T9CYJRT69HACR","3Q5AG2X64U1J7VYHK5Z3II3AK9TMVO","Watch pairs of videos and indicate your preferences (paired comparison)","This is a survey on audio-video preferences for an academic study","survey, video, audio, comparison, paired comparison","$5.00","Mon Jun 14 14:06:53 PDT 2021","120","BatchId:4476077;OriginalHitTemplateId:920937340;","3600","259200","Wed Jun 16 14:06:53 PDT 2021","","","34Z02EIMIVEQOHCWMFCBN7B70B30T5","A2UTHXLZL8TNBK","Submitted","Mon Jun 14 20:09:53 PDT 2021","Mon Jun 14 20:32:05 PDT 2021","Thu Jun 17 20:32:05 PDT 2021","","","","1332","0% (0/0)","0% (0/0)","0% (0/0)","50576"
"302OLP89E272GUA92T9CYJRT69HACR","3Q5AG2X64U1J7VYHK5Z3II3AK9TMVO","Watch pairs of videos and indicate your preferences (paired comparison)","This is a survey on audio-video preferences for an academic study","survey, video, audio, comparison, paired comparison","$5.00","Mon Jun 14 14:06:53 PDT 2021","120","BatchId:4476077;OriginalHitTemplateId:920937340;","3600","259200","Wed Jun 16 14:06:53 PDT 2021","","","358UUM7WR24RQDZO3PSP27KCK3I7R3","A2O2Q0LVWOWJ1G","Submitted","Mon Jun 14 14:28:26 PDT 2021","Mon Jun 14 14:46:20 PDT 2021","Thu Jun 17 14:46:20 PDT 2021","","","","1074","0% (0/0)","0% (0/0)","0% (0/0)","A2O2Q0LVWOWJ1G"
"302OLP89E272GUA92T9CYJRT69HACR","3Q5AG2X64U1J7VYHK5Z3II3AK9TMVO","Watch pairs of videos and indicate your preferences (paired comparison)","This is a survey on audio-video preferences for an academic study","survey, video, audio, comparison, paired comparison","$5.00","Mon Jun 14 14:06:53 PDT 2021","120","BatchId:4476077;OriginalHitTemplateId:920937340;","3600","259200","Wed Jun 16 14:06:53 PDT 2021","","","358UUM7WR24RQDZO3PSP27KCK4ZR76","AJZBAP861F6X1","Submitted","Tue Jun 15 01:05:49 PDT 2021","Tue Jun 15 01:39:18 PDT 2021","Fri Jun 18 01:39:18 PDT 2021","","","","2009","0% (0/0)","0% (0/0)","0% (0/0)","39131"
"302OLP89E272GUA92T9CYJRT69HACR","3Q5AG2X64U1J7VYHK5Z3II3AK9TMVO","Watch pairs of videos and indicate your preferences (paired comparison)","This is a survey on audio-video preferences for an academic study","survey, video, audio, comparison, paired comparison","$5.00","Mon Jun 14 14:06:53 PDT 2021","120","BatchId:4476077;OriginalHitTemplateId:920937340;","3600","259200","Wed Jun 16 14:06:53 PDT 2021","","","35USIKEBNUHN7FTRR86GN9F6OVDN60","A36ZKMRJCHF2HX","Submitted","Mon Jun 14 15:18:00 PDT 2021","Mon Jun 14 15:47:39 PDT 2021","Thu Jun 17 15:47:39 PDT 2021","","","","1779","0% (0/0)","0% (0/0)","0% (0/0)","57941"
"302OLP89E272GUA92T9CYJRT69HACR","3Q5AG2X64U1J7VYHK5Z3II3AK9TMVO","Watch pairs of videos and indicate your preferences (paired comparison)","This is a survey on audio-video preferences for an academic study","survey, video, audio, comparison, paired comparison","$5.00","Mon Jun 14 14:06:53 PDT 2021","120","BatchId:4476077;OriginalHitTemplateId:920937340;","3600","259200","Wed Jun 16 14:06:53 PDT 2021","","","36U2A8VAG40OITIU0E9SE8IVTAAKY1","A314XJY8V1YL12","Submitted","Mon Jun 14 17:05:34 PDT 2021","Mon Jun 14 17:47:18 PDT 2021","Thu Jun 17 17:47:18 PDT 2021","","","","2504","0% (0/0)","0% (0/0)","0% (0/0)","40084"
"302OLP89E272GUA92T9CYJRT69HACR","3Q5AG2X64U1J7VYHK5Z3II3AK9TMVO","Watch pairs of videos and indicate your preferences (paired comparison)","This is a survey on audio-video preferences for an academic study","survey, video, audio, comparison, paired comparison","$5.00","Mon Jun 14 14:06:53 PDT 2021","120","BatchId:4476077;OriginalHitTemplateId:920937340;","3600","259200","Wed Jun 16 14:06:53 PDT 2021","","","36U2A8VAG40OITIU0E9SE8IVTBYKYR","A29ZTHY1OB4IC8","Submitted","Mon Jun 14 21:53:24 PDT 2021","Mon Jun 14 22:18:55 PDT 2021","Thu Jun 17 22:18:55 PDT 2021","","","","1531","0% (0/0)","0% (0/0)","0% (0/0)","41850"
"302OLP89E272GUA92T9CYJRT69HACR","3Q5AG2X64U1J7VYHK5Z3II3AK9TMVO","Watch pairs of videos and indicate your preferences (paired comparison)","This is a survey on audio-video preferences for an academic study","survey, video, audio, comparison, paired comparison","$5.00","Mon Jun 14 14:06:53 PDT 2021","120","BatchId:4476077;OriginalHitTemplateId:920937340;","3600","259200","Wed Jun 16 14:06:53 PDT 2021","","","374TNBHA8EWATWGPDJTPAUU4SIKQYL","A1G94QON7A9K0N","Submitted","Tue Jun 15 05:03:05 PDT 2021","Tue Jun 15 05:45:59 PDT 2021","Fri Jun 18 05:45:59 PDT 2021","","","","2574","0% (0/0)","0% (0/0)","0% (0/0)","47986"
"302OLP89E272GUA92T9CYJRT69HACR","3Q5AG2X64U1J7VYHK5Z3II3AK9TMVO","Watch pairs of videos and indicate your preferences (paired comparison)","This is a survey on audio-video preferences for an academic study","survey, video, audio, comparison, paired comparison","$5.00","Mon Jun 14 14:06:53 PDT 2021","120","BatchId:4476077;OriginalHitTemplateId:920937340;","3600","259200","Wed Jun 16 14:06:53 PDT 2021","","","37C0GNLMHI4EL32E2ESDR43CAR96DZ","A30RAYNDOWQ61S","Submitted","Mon Jun 14 14:50:28 PDT 2021","Mon Jun 14 15:32:26 PDT 2021","Thu Jun 17 15:32:26 PDT 2021","","","","2518","0% (0/0)","0% (0/0)","0% (0/0)","22978"
"302OLP89E272GUA92T9CYJRT69HACR","3Q5AG2X64U1J7VYHK5Z3II3AK9TMVO","Watch pairs of videos and indicate your preferences (paired comparison)","This is a survey on audio-video preferences for an academic study","survey, video, audio, comparison, paired comparison","$5.00","Mon Jun 14 14:06:53 PDT 2021","120","BatchId:4476077;OriginalHitTemplateId:920937340;","3600","259200","Wed Jun 16 14:06:53 PDT 2021","","","37FMASSAYFS1ZQZVQJAWTH5HGXQIBW","AUK4KGOJP9F0H","Submitted","Mon Jun 14 14:38:53 PDT 2021","Mon Jun 14 15:38:45 PDT 2021","Thu Jun 17 15:38:45 PDT 2021","","","","3592","0% (0/0)","0% (0/0)","0% (0/0)","I did not finish the survey before the timer. My worker ID is AUK4KGOJP9F0H. I will email the code shortly upon completion."
"302OLP89E272GUA92T9CYJRT69HACR","3Q5AG2X64U1J7VYHK5Z3II3AK9TMVO","Watch pairs of videos and indicate your preferences (paired comparison)","This is a survey on audio-video preferences for an academic study","survey, video, audio, comparison, paired comparison","$5.00","Mon Jun 14 14:06:53 PDT 2021","120","BatchId:4476077;OriginalHitTemplateId:920937340;","3600","259200","Wed Jun 16 14:06:53 PDT 2021","","","37W3JXSD699FDTCBPSSV2JCQGHTWYJ","A3QS7M912JGKFD","Submitted","Mon Jun 14 19:09:44 PDT 2021","Mon Jun 14 19:50:35 PDT 2021","Thu Jun 17 19:50:35 PDT 2021","","","","2451","0% (0/0)","0% (0/0)","0% (0/0)","2741"
"302OLP89E272GUA92T9CYJRT69HACR","3Q5AG2X64U1J7VYHK5Z3II3AK9TMVO","Watch pairs of videos and indicate your preferences (paired comparison)","This is a survey on audio-video preferences for an academic study","survey, video, audio, comparison, paired comparison","$5.00","Mon Jun 14 14:06:53 PDT 2021","120","BatchId:4476077;OriginalHitTemplateId:920937340;","3600","259200","Wed Jun 16 14:06:53 PDT 2021","","","37WLF8U1WSRMZ98OUVE0VHY2U04K6O","A3HTLXAPOBCVVO","Submitted","Mon Jun 14 14:35:50 PDT 2021","Mon Jun 14 15:29:50 PDT 2021","Thu Jun 17 15:29:50 PDT 2021","","","","3240","0% (0/0)","0% (0/0)","0% (0/0)","We thank you for your time spent taking this survey. Your response has been recorded."
"302OLP89E272GUA92T9CYJRT69HACR","3Q5AG2X64U1J7VYHK5Z3II3AK9TMVO","Watch pairs of videos and indicate your preferences (paired comparison)","This is a survey on audio-video preferences for an academic study","survey, video, audio, comparison, paired comparison","$5.00","Mon Jun 14 14:06:53 PDT 2021","120","BatchId:4476077;OriginalHitTemplateId:920937340;","3600","259200","Wed Jun 16 14:06:53 PDT 2021","","","382M9COHEKG4FK6FUR10DSZDDPOEUY","ANFWGSQ8BQRZ","Submitted","Mon Jun 14 14:12:48 PDT 2021","Mon Jun 14 14:52:41 PDT 2021","Thu Jun 17 14:52:41 PDT 2021","","","","2393","0% (0/0)","0% (0/0)","0% (0/0)","no code given"
"302OLP89E272GUA92T9CYJRT69HACR","3Q5AG2X64U1J7VYHK5Z3II3AK9TMVO","Watch pairs of videos and indicate your preferences (paired comparison)","This is a survey on audio-video preferences for an academic study","survey, video, audio, comparison, paired comparison","$5.00","Mon Jun 14 14:06:53 PDT 2021","120","BatchId:4476077;OriginalHitTemplateId:920937340;","3600","259200","Wed Jun 16 14:06:53 PDT 2021","","","386CSBG1O2N8AC6J70YXR3ABT7D6QL","A3KU8DC7HJOGCM","Submitted","Tue Jun 15 00:43:45 PDT 2021","Tue Jun 15 00:48:20 PDT 2021","Fri Jun 18 00:48:20 PDT 2021","","","","275","0% (0/0)","0% (0/0)","0% (0/0)","48802"
"302OLP89E272GUA92T9CYJRT69HACR","3Q5AG2X64U1J7VYHK5Z3II3AK9TMVO","Watch pairs of videos and indicate your preferences (paired comparison)","This is a survey on audio-video preferences for an academic study","survey, video, audio, comparison, paired comparison","$5.00","Mon Jun 14 14:06:53 PDT 2021","120","BatchId:4476077;OriginalHitTemplateId:920937340;","3600","259200","Wed Jun 16 14:06:53 PDT 2021","","","392CY0QWG4SHEREMB409L3ZB6524I5","A1MTRZDRKNB9GV","Submitted","Mon Jun 14 20:05:27 PDT 2021","Mon Jun 14 20:49:33 PDT 2021","Thu Jun 17 20:49:33 PDT 2021","","","","2646","0% (0/0)","0% (0/0)","0% (0/0)","77670"
"302OLP89E272GUA92T9CYJRT69HACR","3Q5AG2X64U1J7VYHK5Z3II3AK9TMVO","Watch pairs of videos and indicate your preferences (paired comparison)","This is a survey on audio-video preferences for an academic study","survey, video, audio, comparison, paired comparison","$5.00","Mon Jun 14 14:06:53 PDT 2021","120","BatchId:4476077;OriginalHitTemplateId:920937340;","3600","259200","Wed Jun 16 14:06:53 PDT 2021","","","39RP059MEKUNV9PMBY8OLACYX60MB6","APSN3KV49VLKX","Submitted","Mon Jun 14 19:33:30 PDT 2021","Mon Jun 14 20:23:51 PDT 2021","Thu Jun 17 20:23:51 PDT 2021","","","","3021","0% (0/0)","0% (0/0)","0% (0/0)","96054"
"302OLP89E272GUA92T9CYJRT69HACR","3Q5AG2X64U1J7VYHK5Z3II3AK9TMVO","Watch pairs of videos and indicate your preferences (paired comparison)","This is a survey on audio-video preferences for an academic study","survey, video, audio, comparison, paired comparison","$5.00","Mon Jun 14 14:06:53 PDT 2021","120","BatchId:4476077;OriginalHitTemplateId:920937340;","3600","259200","Wed Jun 16 14:06:53 PDT 2021","","","3A1COHJ8NMWI1XQ4HP8123E18EO8HS","A2VX8B1CJXRN2","Submitted","Mon Jun 14 14:10:07 PDT 2021","Mon Jun 14 14:37:03 PDT 2021","Thu Jun 17 14:37:03 PDT 2021","","","","1616","0% (0/0)","0% (0/0)","0% (0/0)","A2VX8B1CJXRN2"
"302OLP89E272GUA92T9CYJRT69HACR","3Q5AG2X64U1J7VYHK5Z3II3AK9TMVO","Watch pairs of videos and indicate your preferences (paired comparison)","This is a survey on audio-video preferences for an academic study","survey, video, audio, comparison, paired comparison","$5.00","Mon Jun 14 14:06:53 PDT 2021","120","BatchId:4476077;OriginalHitTemplateId:920937340;","3600","259200","Wed Jun 16 14:06:53 PDT 2021","","","3A4NIXBJ790Z8IBY2BXIZD8390QLM4","A1Z6F6EIUJFC6T","Submitted","Mon Jun 14 14:51:53 PDT 2021","Mon Jun 14 15:34:48 PDT 2021","Thu Jun 17 15:34:48 PDT 2021","","","","2575","0% (0/0)","0% (0/0)","0% (0/0)","41907"
"302OLP89E272GUA92T9CYJRT69HACR","3Q5AG2X64U1J7VYHK5Z3II3AK9TMVO","Watch pairs of videos and indicate your preferences (paired comparison)","This is a survey on audio-video preferences for an academic study","survey, video, audio, comparison, paired comparison","$5.00","Mon Jun 14 14:06:53 PDT 2021","120","BatchId:4476077;OriginalHitTemplateId:920937340;","3600","259200","Wed Jun 16 14:06:53 PDT 2021","","","3A9AA95ATZNRRW5Q2493ZS61SFM5PH","A21EZISIJ3JPSW","Submitted","Mon Jun 14 19:03:20 PDT 2021","Mon Jun 14 19:35:44 PDT 2021","Thu Jun 17 19:35:44 PDT 2021","","","","1944","0% (0/0)","0% (0/0)","0% (0/0)","15457"
"302OLP89E272GUA92T9CYJRT69HACR","3Q5AG2X64U1J7VYHK5Z3II3AK9TMVO","Watch pairs of videos and indicate your preferences (paired comparison)","This is a survey on audio-video preferences for an academic study","survey, video, audio, comparison, paired comparison","$5.00","Mon Jun 14 14:06:53 PDT 2021","120","BatchId:4476077;OriginalHitTemplateId:920937340;","3600","259200","Wed Jun 16 14:06:53 PDT 2021","","","3AAJC4I4FJTTCZMHEFBZR0RKKFBJZP","A3CFNUD7VR2E1E","Submitted","Mon Jun 14 16:25:43 PDT 2021","Mon Jun 14 17:09:43 PDT 2021","Thu Jun 17 17:09:43 PDT 2021","","","","2640","0% (0/0)","0% (0/0)","0% (0/0)","1975"
"302OLP89E272GUA92T9CYJRT69HACR","3Q5AG2X64U1J7VYHK5Z3II3AK9TMVO","Watch pairs of videos and indicate your preferences (paired comparison)","This is a survey on audio-video preferences for an academic study","survey, video, audio, comparison, paired comparison","$5.00","Mon Jun 14 14:06:53 PDT 2021","120","BatchId:4476077;OriginalHitTemplateId:920937340;","3600","259200","Wed Jun 16 14:06:53 PDT 2021","","","3AUQQEL7U8U519GLRACQOPZSXWM0VO","A26RPQDD0RQEHL","Submitted","Mon Jun 14 20:47:37 PDT 2021","Mon Jun 14 21:31:28 PDT 2021","Thu Jun 17 21:31:28 PDT 2021","","","","2631","0% (0/0)","0% (0/0)","0% (0/0)","84193"
"302OLP89E272GUA92T9CYJRT69HACR","3Q5AG2X64U1J7VYHK5Z3II3AK9TMVO","Watch pairs of videos and indicate your preferences (paired comparison)","This is a survey on audio-video preferences for an academic study","survey, video, audio, comparison, paired comparison","$5.00","Mon Jun 14 14:06:53 PDT 2021","120","BatchId:4476077;OriginalHitTemplateId:920937340;","3600","259200","Wed Jun 16 14:06:53 PDT 2021","","","3B2X28YI3ZGL664UOI17WEFC76D6B8","AA7BTDZQNHW5","Submitted","Mon Jun 14 17:56:11 PDT 2021","Mon Jun 14 18:47:58 PDT 2021","Thu Jun 17 18:47:58 PDT 2021","","","","3107","0% (0/0)","0% (0/0)","0% (0/0)","88825"
"302OLP89E272GUA92T9CYJRT69HACR","3Q5AG2X64U1J7VYHK5Z3II3AK9TMVO","Watch pairs of videos and indicate your preferences (paired comparison)","This is a survey on audio-video preferences for an academic study","survey, video, audio, comparison, paired comparison","$5.00","Mon Jun 14 14:06:53 PDT 2021","120","BatchId:4476077;OriginalHitTemplateId:920937340;","3600","259200","Wed Jun 16 14:06:53 PDT 2021","","","3BC8WZX3V6X18WJ3C3QV7OBCLGPRR1","A1NP3XGUAKE96X","Submitted","Mon Jun 14 23:18:57 PDT 2021","Tue Jun 15 00:05:58 PDT 2021","Fri Jun 18 00:05:58 PDT 2021","","","","2821","0% (0/0)","0% (0/0)","0% (0/0)","78245"
"302OLP89E272GUA92T9CYJRT69HACR","3Q5AG2X64U1J7VYHK5Z3II3AK9TMVO","Watch pairs of videos and indicate your preferences (paired comparison)","This is a survey on audio-video preferences for an academic study","survey, video, audio, comparison, paired comparison","$5.00","Mon Jun 14 14:06:53 PDT 2021","120","BatchId:4476077;OriginalHitTemplateId:920937340;","3600","259200","Wed Jun 16 14:06:53 PDT 2021","","","3BWI6RSP7JA2H9UJHJ8P30LT5EDE7I","A3RL02A3JRAUS4","Submitted","Mon Jun 14 18:43:51 PDT 2021","Mon Jun 14 19:30:07 PDT 2021","Thu Jun 17 19:30:07 PDT 2021","","","","2776","0% (0/0)","0% (0/0)","0% (0/0)","74989"
"302OLP89E272GUA92T9CYJRT69HACR","3Q5AG2X64U1J7VYHK5Z3II3AK9TMVO","Watch pairs of videos and indicate your preferences (paired comparison)","This is a survey on audio-video preferences for an academic study","survey, video, audio, comparison, paired comparison","$5.00","Mon Jun 14 14:06:53 PDT 2021","120","BatchId:4476077;OriginalHitTemplateId:920937340;","3600","259200","Wed Jun 16 14:06:53 PDT 2021","","","3C44YUNSI4QMV9KJHARMX4UT5XNDP2","A3UIVQJXY62XU8","Submitted","Tue Jun 15 03:43:18 PDT 2021","Tue Jun 15 04:08:07 PDT 2021","Fri Jun 18 04:08:07 PDT 2021","","","","1489","0% (0/0)","0% (0/0)","0% (0/0)","59773"
"302OLP89E272GUA92T9CYJRT69HACR","3Q5AG2X64U1J7VYHK5Z3II3AK9TMVO","Watch pairs of videos and indicate your preferences (paired comparison)","This is a survey on audio-video preferences for an academic study","survey, video, audio, comparison, paired comparison","$5.00","Mon Jun 14 14:06:53 PDT 2021","120","BatchId:4476077;OriginalHitTemplateId:920937340;","3600","259200","Wed Jun 16 14:06:53 PDT 2021","","","3CN4LGXD50P34RTRFMMC7RTZWO4Y49","A3L3ZFL1NYFTCF","Submitted","Mon Jun 14 14:09:33 PDT 2021","Mon Jun 14 15:08:43 PDT 2021","Thu Jun 17 15:08:43 PDT 2021","","","","3550","0% (0/0)","0% (0/0)","0% (0/0)","A3L3ZFL1NYFTCF"
"302OLP89E272GUA92T9CYJRT69HACR","3Q5AG2X64U1J7VYHK5Z3II3AK9TMVO","Watch pairs of videos and indicate your preferences (paired comparison)","This is a survey on audio-video preferences for an academic study","survey, video, audio, comparison, paired comparison","$5.00","Mon Jun 14 14:06:53 PDT 2021","120","BatchId:4476077;OriginalHitTemplateId:920937340;","3600","259200","Wed Jun 16 14:06:53 PDT 2021","","","3CP1TO84PW2VZP4K06YR3FY8H59529","A34D413HR7ZIFM","Submitted","Mon Jun 14 14:47:55 PDT 2021","Mon Jun 14 15:02:03 PDT 2021","Thu Jun 17 15:02:03 PDT 2021","","","","848","0% (0/0)","0% (0/0)","0% (0/0)","59414"
"302OLP89E272GUA92T9CYJRT69HACR","3Q5AG2X64U1J7VYHK5Z3II3AK9TMVO","Watch pairs of videos and indicate your preferences (paired comparison)","This is a survey on audio-video preferences for an academic study","survey, video, audio, comparison, paired comparison","$5.00","Mon Jun 14 14:06:53 PDT 2021","120","BatchId:4476077;OriginalHitTemplateId:920937340;","3600","259200","Wed Jun 16 14:06:53 PDT 2021","","","3D4CH1LGEDU4F6E32BWXHZXBDKT9GJ","AIQB7XXL5K2FR","Submitted","Mon Jun 14 14:12:14 PDT 2021","Mon Jun 14 14:44:53 PDT 2021","Thu Jun 17 14:44:53 PDT 2021","","","","1959","0% (0/0)","0% (0/0)","0% (0/0)","Worker ID- AIQB7XXL5K2FR  No survey code given. After the videos and demographics page it went to a ""We thank you for your time spent taking this survey. Your response has been recorded."" page"
"302OLP89E272GUA92T9CYJRT69HACR","3Q5AG2X64U1J7VYHK5Z3II3AK9TMVO","Watch pairs of videos and indicate your preferences (paired comparison)","This is a survey on audio-video preferences for an academic study","survey, video, audio, comparison, paired comparison","$5.00","Mon Jun 14 14:06:53 PDT 2021","120","BatchId:4476077;OriginalHitTemplateId:920937340;","3600","259200","Wed Jun 16 14:06:53 PDT 2021","","","3DEL4X4EL9MU2TH1ZXOH42QXPJ9XYN","A3F90N8YVKJ4I7","Submitted","Mon Jun 14 14:08:57 PDT 2021","Mon Jun 14 14:26:54 PDT 2021","Thu Jun 17 14:26:54 PDT 2021","","","","1077","0% (0/0)","0% (0/0)","0% (0/0)","A3F90N8YVKJ4I7"
"302OLP89E272GUA92T9CYJRT69HACR","3Q5AG2X64U1J7VYHK5Z3II3AK9TMVO","Watch pairs of videos and indicate your preferences (paired comparison)","This is a survey on audio-video preferences for an academic study","survey, video, audio, comparison, paired comparison","$5.00","Mon Jun 14 14:06:53 PDT 2021","120","BatchId:4476077;OriginalHitTemplateId:920937340;","3600","259200","Wed Jun 16 14:06:53 PDT 2021","","","3DHE4R9OCZCTFMT4H2HI7CPX7EJ2GK","AMG9Y1YLBTKIV","Submitted","Mon Jun 14 14:07:10 PDT 2021","Mon Jun 14 14:57:47 PDT 2021","Thu Jun 17 14:57:47 PDT 2021","","","","3037","0% (0/0)","0% (0/0)","0% (0/0)","I finished the survey but I didn't see a code.  My worker id is AMG9Y1YLBTKIV"
"302OLP89E272GUA92T9CYJRT69HACR","3Q5AG2X64U1J7VYHK5Z3II3AK9TMVO","Watch pairs of videos and indicate your preferences (paired comparison)","This is a survey on audio-video preferences for an academic study","survey, video, audio, comparison, paired comparison","$5.00","Mon Jun 14 14:06:53 PDT 2021","120","BatchId:4476077;OriginalHitTemplateId:920937340;","3600","259200","Wed Jun 16 14:06:53 PDT 2021","","","3E1QT0TDFSAIXS1ON7QM2FFG8R48IM","A3I1W58P6SIV26","Submitted","Mon Jun 14 14:17:48 PDT 2021","Mon Jun 14 15:09:59 PDT 2021","Thu Jun 17 15:09:59 PDT 2021","","","","3131","0% (0/0)","0% (0/0)","0% (0/0)","We thank you for your time spent taking this survey. Your response has been recorded."
"302OLP89E272GUA92T9CYJRT69HACR","3Q5AG2X64U1J7VYHK5Z3II3AK9TMVO","Watch pairs of videos and indicate your preferences (paired comparison)","This is a survey on audio-video preferences for an academic study","survey, video, audio, comparison, paired comparison","$5.00","Mon Jun 14 14:06:53 PDT 2021","120","BatchId:4476077;OriginalHitTemplateId:920937340;","3600","259200","Wed Jun 16 14:06:53 PDT 2021","","","3EA3QWIZ4LW1VCTCQ51HTBB3M4QITM","A9MYC5IGQ2DO4","Submitted","Mon Jun 14 14:31:50 PDT 2021","Mon Jun 14 15:15:09 PDT 2021","Thu Jun 17 15:15:09 PDT 2021","","","","2599","0% (0/0)","0% (0/0)","0% (0/0)","A9MYC5IGQ2DO4"
"302OLP89E272GUA92T9CYJRT69HACR","3Q5AG2X64U1J7VYHK5Z3II3AK9TMVO","Watch pairs of videos and indicate your preferences (paired comparison)","This is a survey on audio-video preferences for an academic study","survey, video, audio, comparison, paired comparison","$5.00","Mon Jun 14 14:06:53 PDT 2021","120","BatchId:4476077;OriginalHitTemplateId:920937340;","3600","259200","Wed Jun 16 14:06:53 PDT 2021","","","3FIJLY1B6X5JTTYF8GMCL4XEHAOPFA","A2ZX69756WSLQ4","Submitted","Mon Jun 14 22:44:40 PDT 2021","Mon Jun 14 23:39:11 PDT 2021","Thu Jun 17 23:39:11 PDT 2021","","","","3271","0% (0/0)","0% (0/0)","0% (0/0)","87393"
"302OLP89E272GUA92T9CYJRT69HACR","3Q5AG2X64U1J7VYHK5Z3II3AK9TMVO","Watch pairs of videos and indicate your preferences (paired comparison)","This is a survey on audio-video preferences for an academic study","survey, video, audio, comparison, paired comparison","$5.00","Mon Jun 14 14:06:53 PDT 2021","120","BatchId:4476077;OriginalHitTemplateId:920937340;","3600","259200","Wed Jun 16 14:06:53 PDT 2021","","","3FPRZHYEP181I1FIAXU9QNXZ07W3VA","A3EG4C9T4F5DUR","Submitted","Mon Jun 14 19:05:59 PDT 2021","Mon Jun 14 19:39:01 PDT 2021","Thu Jun 17 19:39:01 PDT 2021","","","","1982","0% (0/0)","0% (0/0)","0% (0/0)","33767"
"302OLP89E272GUA92T9CYJRT69HACR","3Q5AG2X64U1J7VYHK5Z3II3AK9TMVO","Watch pairs of videos and indicate your preferences (paired comparison)","This is a survey on audio-video preferences for an academic study","survey, video, audio, comparison, paired comparison","$5.00","Mon Jun 14 14:06:53 PDT 2021","120","BatchId:4476077;OriginalHitTemplateId:920937340;","3600","259200","Wed Jun 16 14:06:53 PDT 2021","","","3G5F9DBFOSYGC9MHPIJBUHY9JC1HVI","A3CAF7LTD3ORSG","Submitted","Mon Jun 14 16:27:21 PDT 2021","Mon Jun 14 16:49:51 PDT 2021","Thu Jun 17 16:49:51 PDT 2021","","","","1350","0% (0/0)","0% (0/0)","0% (0/0)","80299"
"302OLP89E272GUA92T9CYJRT69HACR","3Q5AG2X64U1J7VYHK5Z3II3AK9TMVO","Watch pairs of videos and indicate your preferences (paired comparison)","This is a survey on audio-video preferences for an academic study","survey, video, audio, comparison, paired comparison","$5.00","Mon Jun 14 14:06:53 PDT 2021","120","BatchId:4476077;OriginalHitTemplateId:920937340;","3600","259200","Wed Jun 16 14:06:53 PDT 2021","","","3G5F9DBFOSYGC9MHPIJBUHY9JDPVHM","A2OZ5SOGNN9QOA","Submitted","Mon Jun 14 21:18:43 PDT 2021","Mon Jun 14 21:43:31 PDT 2021","Thu Jun 17 21:43:31 PDT 2021","","","","1488","0% (0/0)","0% (0/0)","0% (0/0)","96108"
"302OLP89E272GUA92T9CYJRT69HACR","3Q5AG2X64U1J7VYHK5Z3II3AK9TMVO","Watch pairs of videos and indicate your preferences (paired comparison)","This is a survey on audio-video preferences for an academic study","survey, video, audio, comparison, paired comparison","$5.00","Mon Jun 14 14:06:53 PDT 2021","120","BatchId:4476077;OriginalHitTemplateId:920937340;","3600","259200","Wed Jun 16 14:06:53 PDT 2021","","","3GA6AFUKORPW00KY58D5BM6QSSFH3S","A171VJ9J60DSJU","Submitted","Mon Jun 14 17:48:08 PDT 2021","Mon Jun 14 18:12:00 PDT 2021","Thu Jun 17 18:12:00 PDT 2021","","","","1432","0% (0/0)","0% (0/0)","0% (0/0)","53242"
"302OLP89E272GUA92T9CYJRT69HACR","3Q5AG2X64U1J7VYHK5Z3II3AK9TMVO","Watch pairs of videos and indicate your preferences (paired comparison)","This is a survey on audio-video preferences for an academic study","survey, video, audio, comparison, paired comparison","$5.00","Mon Jun 14 14:06:53 PDT 2021","120","BatchId:4476077;OriginalHitTemplateId:920937340;","3600","259200","Wed Jun 16 14:06:53 PDT 2021","","","3GD6L00D3VYMIB7U91FZFYZPBV0M1G","AM0JKZVOEOTMA","Submitted","Tue Jun 15 00:46:20 PDT 2021","Tue Jun 15 01:35:03 PDT 2021","Fri Jun 18 01:35:03 PDT 2021","","","","2923","0% (0/0)","0% (0/0)","0% (0/0)","24337"
"302OLP89E272GUA92T9CYJRT69HACR","3Q5AG2X64U1J7VYHK5Z3II3AK9TMVO","Watch pairs of videos and indicate your preferences (paired comparison)","This is a survey on audio-video preferences for an academic study","survey, video, audio, comparison, paired comparison","$5.00","Mon Jun 14 14:06:53 PDT 2021","120","BatchId:4476077;OriginalHitTemplateId:920937340;","3600","259200","Wed Jun 16 14:06:53 PDT 2021","","","3GNA64GUZH5CR8652HOSZXWBXBL5QL","A2QD9PJUKW7PKK","Submitted","Mon Jun 14 14:29:15 PDT 2021","Mon Jun 14 14:47:31 PDT 2021","Thu Jun 17 14:47:31 PDT 2021","","","","1096","0% (0/0)","0% (0/0)","0% (0/0)","A2QD9PJUKW7PKK"
"302OLP89E272GUA92T9CYJRT69HACR","3Q5AG2X64U1J7VYHK5Z3II3AK9TMVO","Watch pairs of videos and indicate your preferences (paired comparison)","This is a survey on audio-video preferences for an academic study","survey, video, audio, comparison, paired comparison","$5.00","Mon Jun 14 14:06:53 PDT 2021","120","BatchId:4476077;OriginalHitTemplateId:920937340;","3600","259200","Wed Jun 16 14:06:53 PDT 2021","","","3H7Z272LXA85TL8BURPAGH2YE5ILPH","A2GM5BW75YCKKW","Submitted","Mon Jun 14 18:13:07 PDT 2021","Mon Jun 14 18:58:04 PDT 2021","Thu Jun 17 18:58:04 PDT 2021","","","","2697","0% (0/0)","0% (0/0)","0% (0/0)","27139"
"302OLP89E272GUA92T9CYJRT69HACR","3Q5AG2X64U1J7VYHK5Z3II3AK9TMVO","Watch pairs of videos and indicate your preferences (paired comparison)","This is a survey on audio-video preferences for an academic study","survey, video, audio, comparison, paired comparison","$5.00","Mon Jun 14 14:06:53 PDT 2021","120","BatchId:4476077;OriginalHitTemplateId:920937340;","3600","259200","Wed Jun 16 14:06:53 PDT 2021","","","3HHRAGRYXB6S7JV1QU95M86D46B9OX","AOAZMLP27GD81","Submitted","Mon Jun 14 19:22:55 PDT 2021","Mon Jun 14 19:52:14 PDT 2021","Thu Jun 17 19:52:14 PDT 2021","","","","1759","0% (0/0)","0% (0/0)","0% (0/0)","63244"
"302OLP89E272GUA92T9CYJRT69HACR","3Q5AG2X64U1J7VYHK5Z3II3AK9TMVO","Watch pairs of videos and indicate your preferences (paired comparison)","This is a survey on audio-video preferences for an academic study","survey, video, audio, comparison, paired comparison","$5.00","Mon Jun 14 14:06:53 PDT 2021","120","BatchId:4476077;OriginalHitTemplateId:920937340;","3600","259200","Wed Jun 16 14:06:53 PDT 2021","","","3HMIGG0U4O74NSGTRPCPO394YAEY8U","A1V1JNPU0KOA3X","Submitted","Mon Jun 14 16:40:13 PDT 2021","Mon Jun 14 17:22:51 PDT 2021","Thu Jun 17 17:22:51 PDT 2021","","","","2558","0% (0/0)","0% (0/0)","0% (0/0)","4651"
"302OLP89E272GUA92T9CYJRT69HACR","3Q5AG2X64U1J7VYHK5Z3II3AK9TMVO","Watch pairs of videos and indicate your preferences (paired comparison)","This is a survey on audio-video preferences for an academic study","survey, video, audio, comparison, paired comparison","$5.00","Mon Jun 14 14:06:53 PDT 2021","120","BatchId:4476077;OriginalHitTemplateId:920937340;","3600","259200","Wed Jun 16 14:06:53 PDT 2021","","","3HMIGG0U4O74NSGTRPCPO394YAUY8A","A9EVF0SO2IUJ0","Submitted","Mon Jun 14 19:53:41 PDT 2021","Mon Jun 14 20:39:44 PDT 2021","Thu Jun 17 20:39:44 PDT 2021","","","","2763","0% (0/0)","0% (0/0)","0% (0/0)","70746"
"302OLP89E272GUA92T9CYJRT69HACR","3Q5AG2X64U1J7VYHK5Z3II3AK9TMVO","Watch pairs of videos and indicate your preferences (paired comparison)","This is a survey on audio-video preferences for an academic study","survey, video, audio, comparison, paired comparison","$5.00","Mon Jun 14 14:06:53 PDT 2021","120","BatchId:4476077;OriginalHitTemplateId:920937340;","3600","259200","Wed Jun 16 14:06:53 PDT 2021","","","3HOSI13XH2PD6CHTC10RXAD4RDVDDX","A353KETOEN0W8T","Submitted","Mon Jun 14 14:42:51 PDT 2021","Mon Jun 14 15:34:40 PDT 2021","Thu Jun 17 15:34:40 PDT 2021","","","","3109","0% (0/0)","0% (0/0)","0% (0/0)","A353KETOEN0W8T"
"302OLP89E272GUA92T9CYJRT69HACR","3Q5AG2X64U1J7VYHK5Z3II3AK9TMVO","Watch pairs of videos and indicate your preferences (paired comparison)","This is a survey on audio-video preferences for an academic study","survey, video, audio, comparison, paired comparison","$5.00","Mon Jun 14 14:06:53 PDT 2021","120","BatchId:4476077;OriginalHitTemplateId:920937340;","3600","259200","Wed Jun 16 14:06:53 PDT 2021","","","3HYA4D452UKN1MX96IB0PRPL6ZKF2Z","A1KJV3S1EK7LUT","Submitted","Mon Jun 14 14:23:25 PDT 2021","Mon Jun 14 15:10:06 PDT 2021","Thu Jun 17 15:10:06 PDT 2021","","","","2801","0% (0/0)","0% (0/0)","0% (0/0)","A1KJV3S1EK7LUT"
"302OLP89E272GUA92T9CYJRT69HACR","3Q5AG2X64U1J7VYHK5Z3II3AK9TMVO","Watch pairs of videos and indicate your preferences (paired comparison)","This is a survey on audio-video preferences for an academic study","survey, video, audio, comparison, paired comparison","$5.00","Mon Jun 14 14:06:53 PDT 2021","120","BatchId:4476077;OriginalHitTemplateId:920937340;","3600","259200","Wed Jun 16 14:06:53 PDT 2021","","","3I3WADAZ9T596WTPN4WOAS1BIAT5O3","A36T7N6CT9GUCG","Submitted","Mon Jun 14 19:29:43 PDT 2021","Mon Jun 14 19:51:18 PDT 2021","Thu Jun 17 19:51:18 PDT 2021","","","","1295","0% (0/0)","0% (0/0)","0% (0/0)","1848"
"302OLP89E272GUA92T9CYJRT69HACR","3Q5AG2X64U1J7VYHK5Z3II3AK9TMVO","Watch pairs of videos and indicate your preferences (paired comparison)","This is a survey on audio-video preferences for an academic study","survey, video, audio, comparison, paired comparison","$5.00","Mon Jun 14 14:06:53 PDT 2021","120","BatchId:4476077;OriginalHitTemplateId:920937340;","3600","259200","Wed Jun 16 14:06:53 PDT 2021","","","3I7DHKZYGQ1F0JGWO1DYNYSXQAZ5FG","AE03LUY7RH400","Submitted","Tue Jun 15 03:04:02 PDT 2021","Tue Jun 15 03:28:05 PDT 2021","Fri Jun 18 03:28:05 PDT 2021","","","","1443","0% (0/0)","0% (0/0)","0% (0/0)","14667"
"302OLP89E272GUA92T9CYJRT69HACR","3Q5AG2X64U1J7VYHK5Z3II3AK9TMVO","Watch pairs of videos and indicate your preferences (paired comparison)","This is a survey on audio-video preferences for an academic study","survey, video, audio, comparison, paired comparison","$5.00","Mon Jun 14 14:06:53 PDT 2021","120","BatchId:4476077;OriginalHitTemplateId:920937340;","3600","259200","Wed Jun 16 14:06:53 PDT 2021","","","3IJXV6UZ10KOFXGKMGWMTWALYKRRII","A19CB2C4GY4C60","Submitted","Mon Jun 14 21:22:07 PDT 2021","Mon Jun 14 21:43:41 PDT 2021","Thu Jun 17 21:43:41 PDT 2021","","","","1294","0% (0/0)","0% (0/0)","0% (0/0)","85181"
"302OLP89E272GUA92T9CYJRT69HACR","3Q5AG2X64U1J7VYHK5Z3II3AK9TMVO","Watch pairs of videos and indicate your preferences (paired comparison)","This is a survey on audio-video preferences for an academic study","survey, video, audio, comparison, paired comparison","$5.00","Mon Jun 14 14:06:53 PDT 2021","120","BatchId:4476077;OriginalHitTemplateId:920937340;","3600","259200","Wed Jun 16 14:06:53 PDT 2021","","","3IO1LGZLKCY2486NL6HX5CPBZ0368K","AAFJWTOJCHF2E","Submitted","Mon Jun 14 20:03:23 PDT 2021","Mon Jun 14 20:43:08 PDT 2021","Thu Jun 17 20:43:08 PDT 2021","","","","2385","0% (0/0)","0% (0/0)","0% (0/0)","82226"
"302OLP89E272GUA92T9CYJRT69HACR","3Q5AG2X64U1J7VYHK5Z3II3AK9TMVO","Watch pairs of videos and indicate your preferences (paired comparison)","This is a survey on audio-video preferences for an academic study","survey, video, audio, comparison, paired comparison","$5.00","Mon Jun 14 14:06:53 PDT 2021","120","BatchId:4476077;OriginalHitTemplateId:920937340;","3600","259200","Wed Jun 16 14:06:53 PDT 2021","","","3IXEICO795KL2SYBO4SSW8LYDDIT6Q","A1AXD2Q0MREL8W","Submitted","Mon Jun 14 19:12:13 PDT 2021","Mon Jun 14 20:07:29 PDT 2021","Thu Jun 17 20:07:29 PDT 2021","","","","3316","0% (0/0)","0% (0/0)","0% (0/0)","72126"
"302OLP89E272GUA92T9CYJRT69HACR","3Q5AG2X64U1J7VYHK5Z3II3AK9TMVO","Watch pairs of videos and indicate your preferences (paired comparison)","This is a survey on audio-video preferences for an academic study","survey, video, audio, comparison, paired comparison","$5.00","Mon Jun 14 14:06:53 PDT 2021","120","BatchId:4476077;OriginalHitTemplateId:920937340;","3600","259200","Wed Jun 16 14:06:53 PDT 2021","","","3J88R45B2JZ0TFP08ASYRBXLLEBPXQ","A1ZQ7A1CUV6RD8","Submitted","Mon Jun 14 14:55:07 PDT 2021","Mon Jun 14 15:29:09 PDT 2021","Thu Jun 17 15:29:09 PDT 2021","","","","2042","0% (0/0)","0% (0/0)","0% (0/0)","32138"
"302OLP89E272GUA92T9CYJRT69HACR","3Q5AG2X64U1J7VYHK5Z3II3AK9TMVO","Watch pairs of videos and indicate your preferences (paired comparison)","This is a survey on audio-video preferences for an academic study","survey, video, audio, comparison, paired comparison","$5.00","Mon Jun 14 14:06:53 PDT 2021","120","BatchId:4476077;OriginalHitTemplateId:920937340;","3600","259200","Wed Jun 16 14:06:53 PDT 2021","","","3JBT3HLQFB3PYAPF9SGJOWDWTE4PZI","A2SWQM5X54P1O5","Submitted","Mon Jun 14 14:07:33 PDT 2021","Mon Jun 14 15:05:27 PDT 2021","Thu Jun 17 15:05:27 PDT 2021","","","","3474","0% (0/0)","0% (0/0)","0% (0/0)","A2SWQM5X54P1O5"
"302OLP89E272GUA92T9CYJRT69HACR","3Q5AG2X64U1J7VYHK5Z3II3AK9TMVO","Watch pairs of videos and indicate your preferences (paired comparison)","This is a survey on audio-video preferences for an academic study","survey, video, audio, comparison, paired comparison","$5.00","Mon Jun 14 14:06:53 PDT 2021","120","BatchId:4476077;OriginalHitTemplateId:920937340;","3600","259200","Wed Jun 16 14:06:53 PDT 2021","","","3JWH6J9I9VETDRAMNZNOYP1Y2WPBNA","A11GWITH08KSKG","Submitted","Mon Jun 14 15:26:07 PDT 2021","Mon Jun 14 16:06:53 PDT 2021","Thu Jun 17 16:06:53 PDT 2021","","","","2446","0% (0/0)","0% (0/0)","0% (0/0)","65554"
"302OLP89E272GUA92T9CYJRT69HACR","3Q5AG2X64U1J7VYHK5Z3II3AK9TMVO","Watch pairs of videos and indicate your preferences (paired comparison)","This is a survey on audio-video preferences for an academic study","survey, video, audio, comparison, paired comparison","$5.00","Mon Jun 14 14:06:53 PDT 2021","120","BatchId:4476077;OriginalHitTemplateId:920937340;","3600","259200","Wed Jun 16 14:06:53 PDT 2021","","","3K5TEWLKGYCG84X1V01WUTZOJPAVIJ","A1CHC8M7CWC254","Submitted","Mon Jun 14 15:22:27 PDT 2021","Mon Jun 14 16:04:16 PDT 2021","Thu Jun 17 16:04:16 PDT 2021","","","","2509","0% (0/0)","0% (0/0)","0% (0/0)","26275"
"302OLP89E272GUA92T9CYJRT69HACR","3Q5AG2X64U1J7VYHK5Z3II3AK9TMVO","Watch pairs of videos and indicate your preferences (paired comparison)","This is a survey on audio-video preferences for an academic study","survey, video, audio, comparison, paired comparison","$5.00","Mon Jun 14 14:06:53 PDT 2021","120","BatchId:4476077;OriginalHitTemplateId:920937340;","3600","259200","Wed Jun 16 14:06:53 PDT 2021","","","3KV0LJBBH5MABG6B7VUELPH2FS3MRJ","A37WXDYYT7RCZ0","Submitted","Mon Jun 14 19:34:42 PDT 2021","Mon Jun 14 19:54:41 PDT 2021","Thu Jun 17 19:54:41 PDT 2021","","","","1199","0% (0/0)","0% (0/0)","0% (0/0)","31814"
"302OLP89E272GUA92T9CYJRT69HACR","3Q5AG2X64U1J7VYHK5Z3II3AK9TMVO","Watch pairs of videos and indicate your preferences (paired comparison)","This is a survey on audio-video preferences for an academic study","survey, video, audio, comparison, paired comparison","$5.00","Mon Jun 14 14:06:53 PDT 2021","120","BatchId:4476077;OriginalHitTemplateId:920937340;","3600","259200","Wed Jun 16 14:06:53 PDT 2021","","","3L0KT67Y8HHM6CV25NIU5U95A47YSG","A3760PCQD2MPIO","Submitted","Mon Jun 14 14:10:28 PDT 2021","Mon Jun 14 15:01:20 PDT 2021","Thu Jun 17 15:01:20 PDT 2021","","","","3052","0% (0/0)","0% (0/0)","0% (0/0)","glitch!"
"302OLP89E272GUA92T9CYJRT69HACR","3Q5AG2X64U1J7VYHK5Z3II3AK9TMVO","Watch pairs of videos and indicate your preferences (paired comparison)","This is a survey on audio-video preferences for an academic study","survey, video, audio, comparison, paired comparison","$5.00","Mon Jun 14 14:06:53 PDT 2021","120","BatchId:4476077;OriginalHitTemplateId:920937340;","3600","259200","Wed Jun 16 14:06:53 PDT 2021","","","3L70J4KAZJNF85EHSR9P795Y6AVADP","A207IHY6GERCFO","Submitted","Mon Jun 14 14:07:59 PDT 2021","Mon Jun 14 14:47:46 PDT 2021","Thu Jun 17 14:47:46 PDT 2021","","","","2387","0% (0/0)","0% (0/0)","0% (0/0)","We thank you for your time spent taking this survey. Your response has been recorded."
"302OLP89E272GUA92T9CYJRT69HACR","3Q5AG2X64U1J7VYHK5Z3II3AK9TMVO","Watch pairs of videos and indicate your preferences (paired comparison)","This is a survey on audio-video preferences for an academic study","survey, video, audio, comparison, paired comparison","$5.00","Mon Jun 14 14:06:53 PDT 2021","120","BatchId:4476077;OriginalHitTemplateId:920937340;","3600","259200","Wed Jun 16 14:06:53 PDT 2021","","","3LPW2N6LKW34J1DMJQ8X9YT00WKU58","A2BO8M77CS3SGZ","Submitted","Mon Jun 14 20:07:46 PDT 2021","Mon Jun 14 20:50:39 PDT 2021","Thu Jun 17 20:50:39 PDT 2021","","","","2573","0% (0/0)","0% (0/0)","0% (0/0)","40387"
"302OLP89E272GUA92T9CYJRT69HACR","3Q5AG2X64U1J7VYHK5Z3II3AK9TMVO","Watch pairs of videos and indicate your preferences (paired comparison)","This is a survey on audio-video preferences for an academic study","survey, video, audio, comparison, paired comparison","$5.00","Mon Jun 14 14:06:53 PDT 2021","120","BatchId:4476077;OriginalHitTemplateId:920937340;","3600","259200","Wed Jun 16 14:06:53 PDT 2021","","","3LRKMWOKB8IT63O97U57SJ53I4RZ2K","A37M4OVE9R80G","Submitted","Mon Jun 14 16:58:22 PDT 2021","Mon Jun 14 17:34:32 PDT 2021","Thu Jun 17 17:34:32 PDT 2021","","","","2170","0% (0/0)","0% (0/0)","0% (0/0)","66674"
"302OLP89E272GUA92T9CYJRT69HACR","3Q5AG2X64U1J7VYHK5Z3II3AK9TMVO","Watch pairs of videos and indicate your preferences (paired comparison)","This is a survey on audio-video preferences for an academic study","survey, video, audio, comparison, paired comparison","$5.00","Mon Jun 14 14:06:53 PDT 2021","120","BatchId:4476077;OriginalHitTemplateId:920937340;","3600","259200","Wed Jun 16 14:06:53 PDT 2021","","","3LRKMWOKB8IT63O97U57SJ53I6AZ27","A7204W9E8IR1R","Submitted","Tue Jun 15 05:07:03 PDT 2021","Tue Jun 15 05:31:23 PDT 2021","Fri Jun 18 05:31:23 PDT 2021","","","","1460","0% (0/0)","0% (0/0)","0% (0/0)","91575"
"302OLP89E272GUA92T9CYJRT69HACR","3Q5AG2X64U1J7VYHK5Z3II3AK9TMVO","Watch pairs of videos and indicate your preferences (paired comparison)","This is a survey on audio-video preferences for an academic study","survey, video, audio, comparison, paired comparison","$5.00","Mon Jun 14 14:06:53 PDT 2021","120","BatchId:4476077;OriginalHitTemplateId:920937340;","3600","259200","Wed Jun 16 14:06:53 PDT 2021","","","3LS2AMNW5IRYZICN7WKR83W2E7KOQ5","A34HSCZ1PZCDY0","Submitted","Mon Jun 14 20:13:23 PDT 2021","Mon Jun 14 21:04:37 PDT 2021","Thu Jun 17 21:04:37 PDT 2021","","","","3074","0% (0/0)","0% (0/0)","0% (0/0)","68193"
"302OLP89E272GUA92T9CYJRT69HACR","3Q5AG2X64U1J7VYHK5Z3II3AK9TMVO","Watch pairs of videos and indicate your preferences (paired comparison)","This is a survey on audio-video preferences for an academic study","survey, video, audio, comparison, paired comparison","$5.00","Mon Jun 14 14:06:53 PDT 2021","120","BatchId:4476077;OriginalHitTemplateId:920937340;","3600","259200","Wed Jun 16 14:06:53 PDT 2021","","","3MAOD8E57TB0QUDNSVF6NMSQLZ6XNY","AAOU4JUTKQH5Q","Submitted","Mon Jun 14 14:16:58 PDT 2021","Mon Jun 14 15:06:04 PDT 2021","Thu Jun 17 15:06:04 PDT 2021","","","","2946","0% (0/0)","0% (0/0)","0% (0/0)","No survey code, last landing page: https://mit.co1.qualtrics.com/jfe/form/SV_3n2GM1InDfwmc8S"
"302OLP89E272GUA92T9CYJRT69HACR","3Q5AG2X64U1J7VYHK5Z3II3AK9TMVO","Watch pairs of videos and indicate your preferences (paired comparison)","This is a survey on audio-video preferences for an academic study","survey, video, audio, comparison, paired comparison","$5.00","Mon Jun 14 14:06:53 PDT 2021","120","BatchId:4476077;OriginalHitTemplateId:920937340;","3600","259200","Wed Jun 16 14:06:53 PDT 2021","","","3MB8LZR5BIU4IUBVHZK2K0GZKV2LK6","A2DTELFC4X0QJQ","Submitted","Mon Jun 14 16:20:09 PDT 2021","Mon Jun 14 16:35:36 PDT 2021","Thu Jun 17 16:35:36 PDT 2021","","","","927","0% (0/0)","0% (0/0)","0% (0/0)","74969"
"302OLP89E272GUA92T9CYJRT69HACR","3Q5AG2X64U1J7VYHK5Z3II3AK9TMVO","Watch pairs of videos and indicate your preferences (paired comparison)","This is a survey on audio-video preferences for an academic study","survey, video, audio, comparison, paired comparison","$5.00","Mon Jun 14 14:06:53 PDT 2021","120","BatchId:4476077;OriginalHitTemplateId:920937340;","3600","259200","Wed Jun 16 14:06:53 PDT 2021","","","3MTMREQS4YJEHBE89MEFZXUJDQAAW7","A1LXW53Z5S9XG","Submitted","Mon Jun 14 15:54:07 PDT 2021","Mon Jun 14 16:13:53 PDT 2021","Thu Jun 17 16:13:53 PDT 2021","","","","1186","0% (0/0)","0% (0/0)","0% (0/0)","64291"
"302OLP89E272GUA92T9CYJRT69HACR","3Q5AG2X64U1J7VYHK5Z3II3AK9TMVO","Watch pairs of videos and indicate your preferences (paired comparison)","This is a survey on audio-video preferences for an academic study","survey, video, audio, comparison, paired comparison","$5.00","Mon Jun 14 14:06:53 PDT 2021","120","BatchId:4476077;OriginalHitTemplateId:920937340;","3600","259200","Wed Jun 16 14:06:53 PDT 2021","","","3NVC2EB65T0IMVANF8HTXM1TIP13YO","A2LV5432PV1S39","Submitted","Tue Jun 15 03:35:24 PDT 2021","Tue Jun 15 04:17:03 PDT 2021","Fri Jun 18 04:17:03 PDT 2021","","","","2499","0% (0/0)","0% (0/0)","0% (0/0)","54850"
"302OLP89E272GUA92T9CYJRT69HACR","3Q5AG2X64U1J7VYHK5Z3II3AK9TMVO","Watch pairs of videos and indicate your preferences (paired comparison)","This is a survey on audio-video preferences for an academic study","survey, video, audio, comparison, paired comparison","$5.00","Mon Jun 14 14:06:53 PDT 2021","120","BatchId:4476077;OriginalHitTemplateId:920937340;","3600","259200","Wed Jun 16 14:06:53 PDT 2021","","","3OHYZ19UGF66C256I0N5I3HXAOWAOG","A1S88VQY8G8CNC","Submitted","Mon Jun 14 19:53:25 PDT 2021","Mon Jun 14 20:44:45 PDT 2021","Thu Jun 17 20:44:45 PDT 2021","","","","3080","0% (0/0)","0% (0/0)","0% (0/0)","12711"
"302OLP89E272GUA92T9CYJRT69HACR","3Q5AG2X64U1J7VYHK5Z3II3AK9TMVO","Watch pairs of videos and indicate your preferences (paired comparison)","This is a survey on audio-video preferences for an academic study","survey, video, audio, comparison, paired comparison","$5.00","Mon Jun 14 14:06:53 PDT 2021","120","BatchId:4476077;OriginalHitTemplateId:920937340;","3600","259200","Wed Jun 16 14:06:53 PDT 2021","","","3OVR4I9USSKUVP25OC5IU5QXXF04QP","AMWIBULQ4S8K3","Submitted","Mon Jun 14 16:25:03 PDT 2021","Mon Jun 14 17:00:46 PDT 2021","Thu Jun 17 17:00:46 PDT 2021","","","","2143","0% (0/0)","0% (0/0)","0% (0/0)","20021"
"302OLP89E272GUA92T9CYJRT69HACR","3Q5AG2X64U1J7VYHK5Z3II3AK9TMVO","Watch pairs of videos and indicate your preferences (paired comparison)","This is a survey on audio-video preferences for an academic study","survey, video, audio, comparison, paired comparison","$5.00","Mon Jun 14 14:06:53 PDT 2021","120","BatchId:4476077;OriginalHitTemplateId:920937340;","3600","259200","Wed Jun 16 14:06:53 PDT 2021","","","3P529IW9K1MT28JHGOT54NOUCZYFLB","A1NH9LK567B862","Submitted","Mon Jun 14 18:49:42 PDT 2021","Mon Jun 14 19:17:04 PDT 2021","Thu Jun 17 19:17:04 PDT 2021","","","","1642","0% (0/0)","0% (0/0)","0% (0/0)","15498"
"302OLP89E272GUA92T9CYJRT69HACR","3Q5AG2X64U1J7VYHK5Z3II3AK9TMVO","Watch pairs of videos and indicate your preferences (paired comparison)","This is a survey on audio-video preferences for an academic study","survey, video, audio, comparison, paired comparison","$5.00","Mon Jun 14 14:06:53 PDT 2021","120","BatchId:4476077;OriginalHitTemplateId:920937340;","3600","259200","Wed Jun 16 14:06:53 PDT 2021","","","3PJ71Z61R737BRO0KSBUACT5BV391C","A1IOMFFEKCWOIT","Submitted","Mon Jun 14 19:44:33 PDT 2021","Mon Jun 14 20:28:46 PDT 2021","Thu Jun 17 20:28:46 PDT 2021","","","","2653","0% (0/0)","0% (0/0)","0% (0/0)","83197"
"302OLP89E272GUA92T9CYJRT69HACR","3Q5AG2X64U1J7VYHK5Z3II3AK9TMVO","Watch pairs of videos and indicate your preferences (paired comparison)","This is a survey on audio-video preferences for an academic study","survey, video, audio, comparison, paired comparison","$5.00","Mon Jun 14 14:06:53 PDT 2021","120","BatchId:4476077;OriginalHitTemplateId:920937340;","3600","259200","Wed Jun 16 14:06:53 PDT 2021","","","3QAVNHZ3EP5Y6H29587DQMD3FKFLA0","A1Q0KGPCD263MD","Submitted","Tue Jun 15 00:35:16 PDT 2021","Tue Jun 15 01:04:42 PDT 2021","Fri Jun 18 01:04:42 PDT 2021","","","","1766","0% (0/0)","0% (0/0)","0% (0/0)","3991"
"302OLP89E272GUA92T9CYJRT69HACR","3Q5AG2X64U1J7VYHK5Z3II3AK9TMVO","Watch pairs of videos and indicate your preferences (paired comparison)","This is a survey on audio-video preferences for an academic study","survey, video, audio, comparison, paired comparison","$5.00","Mon Jun 14 14:06:53 PDT 2021","120","BatchId:4476077;OriginalHitTemplateId:920937340;","3600","259200","Wed Jun 16 14:06:53 PDT 2021","","","3QFUFYSY91GX40CWAWUOI6MJQD44F8","A2JZQHB8N6LS7T","Submitted","Mon Jun 14 19:08:10 PDT 2021","Mon Jun 14 19:46:03 PDT 2021","Thu Jun 17 19:46:03 PDT 2021","","","","2273","0% (0/0)","0% (0/0)","0% (0/0)","11609"
"302OLP89E272GUA92T9CYJRT69HACR","3Q5AG2X64U1J7VYHK5Z3II3AK9TMVO","Watch pairs of videos and indicate your preferences (paired comparison)","This is a survey on audio-video preferences for an academic study","survey, video, audio, comparison, paired comparison","$5.00","Mon Jun 14 14:06:53 PDT 2021","120","BatchId:4476077;OriginalHitTemplateId:920937340;","3600","259200","Wed Jun 16 14:06:53 PDT 2021","","","3QL2OFSM99JCNW2S1ZJJ997GKH4NC8","A1MIR0TP081SKT","Submitted","Mon Jun 14 18:33:30 PDT 2021","Mon Jun 14 19:21:53 PDT 2021","Thu Jun 17 19:21:53 PDT 2021","","","","2903","0% (0/0)","0% (0/0)","0% (0/0)","19668"
"302OLP89E272GUA92T9CYJRT69HACR","3Q5AG2X64U1J7VYHK5Z3II3AK9TMVO","Watch pairs of videos and indicate your preferences (paired comparison)","This is a survey on audio-video preferences for an academic study","survey, video, audio, comparison, paired comparison","$5.00","Mon Jun 14 14:06:53 PDT 2021","120","BatchId:4476077;OriginalHitTemplateId:920937340;","3600","259200","Wed Jun 16 14:06:53 PDT 2021","","","3QL2OFSM99JCNW2S1ZJJ997GKHBCN4","A1Q7VWUBIJOK17","Submitted","Mon Jun 14 19:49:09 PDT 2021","Mon Jun 14 20:38:09 PDT 2021","Thu Jun 17 20:38:09 PDT 2021","","","","2940","0% (0/0)","0% (0/0)","0% (0/0)","45711"
"302OLP89E272GUA92T9CYJRT69HACR","3Q5AG2X64U1J7VYHK5Z3II3AK9TMVO","Watch pairs of videos and indicate your preferences (paired comparison)","This is a survey on audio-video preferences for an academic study","survey, video, audio, comparison, paired comparison","$5.00","Mon Jun 14 14:06:53 PDT 2021","120","BatchId:4476077;OriginalHitTemplateId:920937340;","3600","259200","Wed Jun 16 14:06:53 PDT 2021","","","3QXNC7EIPLW7423IO97UW7AV63J09M","A9KSSJXDB6GPE","Submitted","Mon Jun 14 17:01:21 PDT 2021","Mon Jun 14 17:44:42 PDT 2021","Thu Jun 17 17:44:42 PDT 2021","","","","2601","0% (0/0)","0% (0/0)","0% (0/0)","47126"
"302OLP89E272GUA92T9CYJRT69HACR","3Q5AG2X64U1J7VYHK5Z3II3AK9TMVO","Watch pairs of videos and indicate your preferences (paired comparison)","This is a survey on audio-video preferences for an academic study","survey, video, audio, comparison, paired comparison","$5.00","Mon Jun 14 14:06:53 PDT 2021","120","BatchId:4476077;OriginalHitTemplateId:920937340;","3600","259200","Wed Jun 16 14:06:53 PDT 2021","","","3QY7M81QHAN539MTD5JS1VYYPB7K76","AISFU4P55HYEH","Submitted","Mon Jun 14 18:16:11 PDT 2021","Mon Jun 14 19:11:02 PDT 2021","Thu Jun 17 19:11:02 PDT 2021","","","","3291","0% (0/0)","0% (0/0)","0% (0/0)","96331"
"302OLP89E272GUA92T9CYJRT69HACR","3Q5AG2X64U1J7VYHK5Z3II3AK9TMVO","Watch pairs of videos and indicate your preferences (paired comparison)","This is a survey on audio-video preferences for an academic study","survey, video, audio, comparison, paired comparison","$5.00","Mon Jun 14 14:06:53 PDT 2021","120","BatchId:4476077;OriginalHitTemplateId:920937340;","3600","259200","Wed Jun 16 14:06:53 PDT 2021","","","3R6BYFZZPADO2206U7WTFHJHJ9DXFM","A8F6JFG0WSELT","Submitted","Tue Jun 15 04:06:04 PDT 2021","Tue Jun 15 04:55:07 PDT 2021","Fri Jun 18 04:55:07 PDT 2021","","","","2943","0% (0/0)","0% (0/0)","0% (0/0)","48455"
"302OLP89E272GUA92T9CYJRT69HACR","3Q5AG2X64U1J7VYHK5Z3II3AK9TMVO","Watch pairs of videos and indicate your preferences (paired comparison)","This is a survey on audio-video preferences for an academic study","survey, video, audio, comparison, paired comparison","$5.00","Mon Jun 14 14:06:53 PDT 2021","120","BatchId:4476077;OriginalHitTemplateId:920937340;","3600","259200","Wed Jun 16 14:06:53 PDT 2021","","","3S0TNUHWKWJ1PHL2VTPBBIZ3GMZ8DN","A4SC8G0149GEG","Submitted","Mon Jun 14 14:49:22 PDT 2021","Mon Jun 14 15:43:25 PDT 2021","Thu Jun 17 15:43:25 PDT 2021","","","","3243","0% (0/0)","0% (0/0)","0% (0/0)","25042"
"302OLP89E272GUA92T9CYJRT69HACR","3Q5AG2X64U1J7VYHK5Z3II3AK9TMVO","Watch pairs of videos and indicate your preferences (paired comparison)","This is a survey on audio-video preferences for an academic study","survey, video, audio, comparison, paired comparison","$5.00","Mon Jun 14 14:06:53 PDT 2021","120","BatchId:4476077;OriginalHitTemplateId:920937340;","3600","259200","Wed Jun 16 14:06:53 PDT 2021","","","3SKRO2GZ74SRSN7ROP2J0L7LMPMK1O","A1Y0Y6U906ABT5","Submitted","Mon Jun 14 14:11:57 PDT 2021","Mon Jun 14 14:56:46 PDT 2021","Thu Jun 17 14:56:46 PDT 2021","","","","2689","0% (0/0)","0% (0/0)","0% (0/0)","No code given.  Please use Mturk ID A1Y0Y6U906ABT5 for payment. (""click to write question text "" was on final page not a code"
"302OLP89E272GUA92T9CYJRT69HACR","3Q5AG2X64U1J7VYHK5Z3II3AK9TMVO","Watch pairs of videos and indicate your preferences (paired comparison)","This is a survey on audio-video preferences for an academic study","survey, video, audio, comparison, paired comparison","$5.00","Mon Jun 14 14:06:53 PDT 2021","120","BatchId:4476077;OriginalHitTemplateId:920937340;","3600","259200","Wed Jun 16 14:06:53 PDT 2021","","","3STRJBFXOZSS17J0Q8MT6RQGE8EKTY","A38DC3BG1ZCVZ2","Submitted","Mon Jun 14 14:25:33 PDT 2021","Mon Jun 14 15:24:49 PDT 2021","Thu Jun 17 15:24:49 PDT 2021","","","","3556","0% (0/0)","0% (0/0)","0% (0/0)","will email code"
"302OLP89E272GUA92T9CYJRT69HACR","3Q5AG2X64U1J7VYHK5Z3II3AK9TMVO","Watch pairs of videos and indicate your preferences (paired comparison)","This is a survey on audio-video preferences for an academic study","survey, video, audio, comparison, paired comparison","$5.00","Mon Jun 14 14:06:53 PDT 2021","120","BatchId:4476077;OriginalHitTemplateId:920937340;","3600","259200","Wed Jun 16 14:06:53 PDT 2021","","","3STRJBFXOZSS17J0Q8MT6RQGE8ZTKS","A5V3ZMQI0PU3F","Submitted","Mon Jun 14 18:30:53 PDT 2021","Mon Jun 14 19:24:34 PDT 2021","Thu Jun 17 19:24:34 PDT 2021","","","","3221","0% (0/0)","0% (0/0)","0% (0/0)","88537"
"302OLP89E272GUA92T9CYJRT69HACR","3Q5AG2X64U1J7VYHK5Z3II3AK9TMVO","Watch pairs of videos and indicate your preferences (paired comparison)","This is a survey on audio-video preferences for an academic study","survey, video, audio, comparison, paired comparison","$5.00","Mon Jun 14 14:06:53 PDT 2021","120","BatchId:4476077;OriginalHitTemplateId:920937340;","3600","259200","Wed Jun 16 14:06:53 PDT 2021","","","3STRJBFXOZSS17J0Q8MT6RQGE9TKTF","A31Z5TPD8QKE26","Submitted","Mon Jun 14 23:42:51 PDT 2021","Tue Jun 15 00:38:51 PDT 2021","Fri Jun 18 00:38:51 PDT 2021","","","","3360","0% (0/0)","0% (0/0)","0% (0/0)","56862"
"302OLP89E272GUA92T9CYJRT69HACR","3Q5AG2X64U1J7VYHK5Z3II3AK9TMVO","Watch pairs of videos and indicate your preferences (paired comparison)","This is a survey on audio-video preferences for an academic study","survey, video, audio, comparison, paired comparison","$5.00","Mon Jun 14 14:06:53 PDT 2021","120","BatchId:4476077;OriginalHitTemplateId:920937340;","3600","259200","Wed Jun 16 14:06:53 PDT 2021","","","3TK8OJTYM4M8PQK58VRG3Q0053KVPA","A3DZ46U9XRLVBI","Submitted","Mon Jun 14 18:20:38 PDT 2021","Mon Jun 14 19:01:30 PDT 2021","Thu Jun 17 19:01:30 PDT 2021","","","","2452","0% (0/0)","0% (0/0)","0% (0/0)","31897"
"302OLP89E272GUA92T9CYJRT69HACR","3Q5AG2X64U1J7VYHK5Z3II3AK9TMVO","Watch pairs of videos and indicate your preferences (paired comparison)","This is a survey on audio-video preferences for an academic study","survey, video, audio, comparison, paired comparison","$5.00","Mon Jun 14 14:06:53 PDT 2021","120","BatchId:4476077;OriginalHitTemplateId:920937340;","3600","259200","Wed Jun 16 14:06:53 PDT 2021","","","3TMFV4NEPBF0YNLTCOU136OON3YW8F","AKZ8SFOAI4RZN","Submitted","Mon Jun 14 20:32:22 PDT 2021","Mon Jun 14 21:08:25 PDT 2021","Thu Jun 17 21:08:25 PDT 2021","","","","2163","0% (0/0)","0% (0/0)","0% (0/0)","38427"
"302OLP89E272GUA92T9CYJRT69HACR","3Q5AG2X64U1J7VYHK5Z3II3AK9TMVO","Watch pairs of videos and indicate your preferences (paired comparison)","This is a survey on audio-video preferences for an academic study","survey, video, audio, comparison, paired comparison","$5.00","Mon Jun 14 14:06:53 PDT 2021","120","BatchId:4476077;OriginalHitTemplateId:920937340;","3600","259200","Wed Jun 16 14:06:53 PDT 2021","","","3TPWUS5F8C22AQB6T0A65SK7DUJWCL","AM9XH69KBK5X5","Submitted","Mon Jun 14 21:33:45 PDT 2021","Mon Jun 14 22:27:24 PDT 2021","Thu Jun 17 22:27:24 PDT 2021","","","","3219","0% (0/0)","0% (0/0)","0% (0/0)","47716"
"302OLP89E272GUA92T9CYJRT69HACR","3Q5AG2X64U1J7VYHK5Z3II3AK9TMVO","Watch pairs of videos and indicate your preferences (paired comparison)","This is a survey on audio-video preferences for an academic study","survey, video, audio, comparison, paired comparison","$5.00","Mon Jun 14 14:06:53 PDT 2021","120","BatchId:4476077;OriginalHitTemplateId:920937340;","3600","259200","Wed Jun 16 14:06:53 PDT 2021","","","3TS1AR6UQTFUNNUFCUSVLI6THH27F7","ARLGZWN6W91WD","Submitted","Tue Jun 15 04:53:28 PDT 2021","Tue Jun 15 05:51:59 PDT 2021","Fri Jun 18 05:51:59 PDT 2021","","","","3511","0% (0/0)","0% (0/0)","0% (0/0)","ARLGZWN6W91WD"
"302OLP89E272GUA92T9CYJRT69HACR","3Q5AG2X64U1J7VYHK5Z3II3AK9TMVO","Watch pairs of videos and indicate your preferences (paired comparison)","This is a survey on audio-video preferences for an academic study","survey, video, audio, comparison, paired comparison","$5.00","Mon Jun 14 14:06:53 PDT 2021","120","BatchId:4476077;OriginalHitTemplateId:920937340;","3600","259200","Wed Jun 16 14:06:53 PDT 2021","","","3TXWC2NHN2R75BNUXBQE6DGE1VU9SA","A2FBT0BSFOV91D","Submitted","Mon Jun 14 15:28:00 PDT 2021","Mon Jun 14 15:50:42 PDT 2021","Thu Jun 17 15:50:42 PDT 2021","","","","1362","0% (0/0)","0% (0/0)","0% (0/0)","7148"
"302OLP89E272GUA92T9CYJRT69HACR","3Q5AG2X64U1J7VYHK5Z3II3AK9TMVO","Watch pairs of videos and indicate your preferences (paired comparison)","This is a survey on audio-video preferences for an academic study","survey, video, audio, comparison, paired comparison","$5.00","Mon Jun 14 14:06:53 PDT 2021","120","BatchId:4476077;OriginalHitTemplateId:920937340;","3600","259200","Wed Jun 16 14:06:53 PDT 2021","","","3UXUOQ9OKHYZRWD71E637HV2K087AB","A28PS7TGEQCFT4","Submitted","Mon Jun 14 23:35:01 PDT 2021","Tue Jun 15 00:18:39 PDT 2021","Fri Jun 18 00:18:39 PDT 2021","","","","2618","0% (0/0)","0% (0/0)","0% (0/0)","12047"
"302OLP89E272GUA92T9CYJRT69HACR","3Q5AG2X64U1J7VYHK5Z3II3AK9TMVO","Watch pairs of videos and indicate your preferences (paired comparison)","This is a survey on audio-video preferences for an academic study","survey, video, audio, comparison, paired comparison","$5.00","Mon Jun 14 14:06:53 PDT 2021","120","BatchId:4476077;OriginalHitTemplateId:920937340;","3600","259200","Wed Jun 16 14:06:53 PDT 2021","","","3V0Z7YWSI11CXJJZ6XG47DS7UTD2VF","A2SYRFPPV9WDEG","Submitted","Mon Jun 14 15:08:14 PDT 2021","Mon Jun 14 15:58:34 PDT 2021","Thu Jun 17 15:58:34 PDT 2021","","","","3020","0% (0/0)","0% (0/0)","0% (0/0)","73645"
"302OLP89E272GUA92T9CYJRT69HACR","3Q5AG2X64U1J7VYHK5Z3II3AK9TMVO","Watch pairs of videos and indicate your preferences (paired comparison)","This is a survey on audio-video preferences for an academic study","survey, video, audio, comparison, paired comparison","$5.00","Mon Jun 14 14:06:53 PDT 2021","120","BatchId:4476077;OriginalHitTemplateId:920937340;","3600","259200","Wed Jun 16 14:06:53 PDT 2021","","","3VAR3R6G1S2STECRL23RMCB2K0E8OS","A1IHI23KH87K5W","Submitted","Mon Jun 14 16:22:32 PDT 2021","Mon Jun 14 17:05:42 PDT 2021","Thu Jun 17 17:05:42 PDT 2021","","","","2590","0% (0/0)","0% (0/0)","0% (0/0)","31418"
"302OLP89E272GUA92T9CYJRT69HACR","3Q5AG2X64U1J7VYHK5Z3II3AK9TMVO","Watch pairs of videos and indicate your preferences (paired comparison)","This is a survey on audio-video preferences for an academic study","survey, video, audio, comparison, paired comparison","$5.00","Mon Jun 14 14:06:53 PDT 2021","120","BatchId:4476077;OriginalHitTemplateId:920937340;","3600","259200","Wed Jun 16 14:06:53 PDT 2021","","","3VFJCI1K420AJ6APWSWJ8KX5J6MRGB","A3QZMGTVA4VO44","Submitted","Mon Jun 14 18:43:55 PDT 2021","Mon Jun 14 19:16:44 PDT 2021","Thu Jun 17 19:16:44 PDT 2021","","","","1969","0% (0/0)","0% (0/0)","0% (0/0)","19349"
"302OLP89E272GUA92T9CYJRT69HACR","3Q5AG2X64U1J7VYHK5Z3II3AK9TMVO","Watch pairs of videos and indicate your preferences (paired comparison)","This is a survey on audio-video preferences for an academic study","survey, video, audio, comparison, paired comparison","$5.00","Mon Jun 14 14:06:53 PDT 2021","120","BatchId:4476077;OriginalHitTemplateId:920937340;","3600","259200","Wed Jun 16 14:06:53 PDT 2021","","","3VFJCI1K420AJ6APWSWJ8KX5J6ZGRD","A1NHTBY5YB9JH7","Submitted","Mon Jun 14 14:11:23 PDT 2021","Mon Jun 14 14:37:15 PDT 2021","Thu Jun 17 14:37:15 PDT 2021","","","","1552","0% (0/0)","0% (0/0)","0% (0/0)","There was no code provided at the end of the survey."
"302OLP89E272GUA92T9CYJRT69HACR","3Q5AG2X64U1J7VYHK5Z3II3AK9TMVO","Watch pairs of videos and indicate your preferences (paired comparison)","This is a survey on audio-video preferences for an academic study","survey, video, audio, comparison, paired comparison","$5.00","Mon Jun 14 14:06:53 PDT 2021","120","BatchId:4476077;OriginalHitTemplateId:920937340;","3600","259200","Wed Jun 16 14:06:53 PDT 2021","","","3VSOLARPKEA3LU2F7WPDY5829FY39F","A3NU1SQPI1NXY4","Submitted","Mon Jun 14 15:57:59 PDT 2021","Mon Jun 14 16:42:50 PDT 2021","Thu Jun 17 16:42:50 PDT 2021","","","","2691","0% (0/0)","0% (0/0)","0% (0/0)","68945"
"302OLP89E272GUA92T9CYJRT69HACR","3Q5AG2X64U1J7VYHK5Z3II3AK9TMVO","Watch pairs of videos and indicate your preferences (paired comparison)","This is a survey on audio-video preferences for an academic study","survey, video, audio, comparison, paired comparison","$5.00","Mon Jun 14 14:06:53 PDT 2021","120","BatchId:4476077;OriginalHitTemplateId:920937340;","3600","259200","Wed Jun 16 14:06:53 PDT 2021","","","3VSOLARPKEA3LU2F7WPDY5829GR39A","A3AKZJNAUP8LSA","Submitted","Mon Jun 14 21:45:58 PDT 2021","Mon Jun 14 22:29:18 PDT 2021","Thu Jun 17 22:29:18 PDT 2021","","","","2600","0% (0/0)","0% (0/0)","0% (0/0)","49126"
"302OLP89E272GUA92T9CYJRT69HACR","3Q5AG2X64U1J7VYHK5Z3II3AK9TMVO","Watch pairs of videos and indicate your preferences (paired comparison)","This is a survey on audio-video preferences for an academic study","survey, video, audio, comparison, paired comparison","$5.00","Mon Jun 14 14:06:53 PDT 2021","120","BatchId:4476077;OriginalHitTemplateId:920937340;","3600","259200","Wed Jun 16 14:06:53 PDT 2021","","","3VZLGYJEYOBU7JR6VJQ0I9ZZVDWZXZ","A87D3K9YVKTQ7","Submitted","Mon Jun 14 17:39:57 PDT 2021","Mon Jun 14 18:19:12 PDT 2021","Thu Jun 17 18:19:12 PDT 2021","","","","2355","0% (0/0)","0% (0/0)","0% (0/0)","38638"
"302OLP89E272GUA92T9CYJRT69HACR","3Q5AG2X64U1J7VYHK5Z3II3AK9TMVO","Watch pairs of videos and indicate your preferences (paired comparison)","This is a survey on audio-video preferences for an academic study","survey, video, audio, comparison, paired comparison","$5.00","Mon Jun 14 14:06:53 PDT 2021","120","BatchId:4476077;OriginalHitTemplateId:920937340;","3600","259200","Wed Jun 16 14:06:53 PDT 2021","","","3WT783CTPEIAMNDVY9EAIE7M3SVCBD","A54KH61CDVIB6","Submitted","Mon Jun 14 19:22:10 PDT 2021","Mon Jun 14 20:08:44 PDT 2021","Thu Jun 17 20:08:44 PDT 2021","","","","2794","0% (0/0)","0% (0/0)","0% (0/0)","8879"
"302OLP89E272GUA92T9CYJRT69HACR","3Q5AG2X64U1J7VYHK5Z3II3AK9TMVO","Watch pairs of videos and indicate your preferences (paired comparison)","This is a survey on audio-video preferences for an academic study","survey, video, audio, comparison, paired comparison","$5.00","Mon Jun 14 14:06:53 PDT 2021","120","BatchId:4476077;OriginalHitTemplateId:920937340;","3600","259200","Wed Jun 16 14:06:53 PDT 2021","","","3WZ36BJEV6HR84F6KV907O7QRFITB2","A129DU6FOHUVNO","Submitted","Mon Jun 14 23:10:04 PDT 2021","Mon Jun 14 23:49:15 PDT 2021","Thu Jun 17 23:49:15 PDT 2021","","","","2351","0% (0/0)","0% (0/0)","0% (0/0)","78775"
"302OLP89E272GUA92T9CYJRT69HACR","3Q5AG2X64U1J7VYHK5Z3II3AK9TMVO","Watch pairs of videos and indicate your preferences (paired comparison)","This is a survey on audio-video preferences for an academic study","survey, video, audio, comparison, paired comparison","$5.00","Mon Jun 14 14:06:53 PDT 2021","120","BatchId:4476077;OriginalHitTemplateId:920937340;","3600","259200","Wed Jun 16 14:06:53 PDT 2021","","","3X08E93BHYJF0UNZSRKZLYTKT5R66C","A11SX02CICZN85","Submitted","Mon Jun 14 15:46:17 PDT 2021","Mon Jun 14 15:49:39 PDT 2021","Thu Jun 17 15:49:39 PDT 2021","","","","202","0% (0/0)","0% (0/0)","0% (0/0)","90689"
"302OLP89E272GUA92T9CYJRT69HACR","3Q5AG2X64U1J7VYHK5Z3II3AK9TMVO","Watch pairs of videos and indicate your preferences (paired comparison)","This is a survey on audio-video preferences for an academic study","survey, video, audio, comparison, paired comparison","$5.00","Mon Jun 14 14:06:53 PDT 2021","120","BatchId:4476077;OriginalHitTemplateId:920937340;","3600","259200","Wed Jun 16 14:06:53 PDT 2021","","","3XIQGXAUMF9BN9L0COYHRP60LK0X7M","A1EUBMQ86K32XE","Submitted","Mon Jun 14 14:55:11 PDT 2021","Mon Jun 14 15:46:20 PDT 2021","Thu Jun 17 15:46:20 PDT 2021","","","","3069","0% (0/0)","0% (0/0)","0% (0/0)","20536"
"302OLP89E272GUA92T9CYJRT69HACR","3Q5AG2X64U1J7VYHK5Z3II3AK9TMVO","Watch pairs of videos and indicate your preferences (paired comparison)","This is a survey on audio-video preferences for an academic study","survey, video, audio, comparison, paired comparison","$5.00","Mon Jun 14 14:06:53 PDT 2021","120","BatchId:4476077;OriginalHitTemplateId:920937340;","3600","259200","Wed Jun 16 14:06:53 PDT 2021","","","3XM0HYN6NN0RNFYJD5263MCE59APET","A1YSYI926BBOHW","Submitted","Mon Jun 14 23:02:24 PDT 2021","Mon Jun 14 23:19:38 PDT 2021","Thu Jun 17 23:19:38 PDT 2021","","","","1034","0% (0/0)","0% (0/0)","0% (0/0)","37054"
"302OLP89E272GUA92T9CYJRT69HACR","3Q5AG2X64U1J7VYHK5Z3II3AK9TMVO","Watch pairs of videos and indicate your preferences (paired comparison)","This is a survey on audio-video preferences for an academic study","survey, video, audio, comparison, paired comparison","$5.00","Mon Jun 14 14:06:53 PDT 2021","120","BatchId:4476077;OriginalHitTemplateId:920937340;","3600","259200","Wed Jun 16 14:06:53 PDT 2021","","","3XM0HYN6NN0RNFYJD5263MCE59FEPN","A1V6P1ZE6Q8YEW","Submitted","Tue Jun 15 00:45:24 PDT 2021","Tue Jun 15 01:25:51 PDT 2021","Fri Jun 18 01:25:51 PDT 2021","","","","2427","0% (0/0)","0% (0/0)","0% (0/0)","75912"
"302OLP89E272GUA92T9CYJRT69HACR","3Q5AG2X64U1J7VYHK5Z3II3AK9TMVO","Watch pairs of videos and indicate your preferences (paired comparison)","This is a survey on audio-video preferences for an academic study","survey, video, audio, comparison, paired comparison","$5.00","Mon Jun 14 14:06:53 PDT 2021","120","BatchId:4476077;OriginalHitTemplateId:920937340;","3600","259200","Wed Jun 16 14:06:53 PDT 2021","","","3XUHV3NRVNZZEF72JR1YQJ4A6PQ5HS","A2A2VSZ2C8PC19","Submitted","Mon Jun 14 21:49:59 PDT 2021","Mon Jun 14 22:41:53 PDT 2021","Thu Jun 17 22:41:53 PDT 2021","","","","3114","0% (0/0)","0% (0/0)","0% (0/0)","84653"
"302OLP89E272GUA92T9CYJRT69HACR","3Q5AG2X64U1J7VYHK5Z3II3AK9TMVO","Watch pairs of videos and indicate your preferences (paired comparison)","This is a survey on audio-video preferences for an academic study","survey, video, audio, comparison, paired comparison","$5.00","Mon Jun 14 14:06:53 PDT 2021","120","BatchId:4476077;OriginalHitTemplateId:920937340;","3600","259200","Wed Jun 16 14:06:53 PDT 2021","","","3XXU1SWE8PWL9LDNGFLUS2LFCLQ0AQ","A3CR9XJAL7U5JW","Submitted","Mon Jun 14 14:47:23 PDT 2021","Mon Jun 14 15:41:30 PDT 2021","Thu Jun 17 15:41:30 PDT 2021","","","","3247","0% (0/0)","0% (0/0)","0% (0/0)","76534"
"302OLP89E272GUA92T9CYJRT69HACR","3Q5AG2X64U1J7VYHK5Z3II3AK9TMVO","Watch pairs of videos and indicate your preferences (paired comparison)","This is a survey on audio-video preferences for an academic study","survey, video, audio, comparison, paired comparison","$5.00","Mon Jun 14 14:06:53 PDT 2021","120","BatchId:4476077;OriginalHitTemplateId:920937340;","3600","259200","Wed Jun 16 14:06:53 PDT 2021","","","3XXU1SWE8PWL9LDNGFLUS2LFCMAA0M","A1JMINVUZ2AOZR","Submitted","Tue Jun 15 02:46:24 PDT 2021","Tue Jun 15 03:07:27 PDT 2021","Fri Jun 18 03:07:27 PDT 2021","","","","1263","0% (0/0)","0% (0/0)","0% (0/0)","77934"
"302OLP89E272GUA92T9CYJRT69HACR","3Q5AG2X64U1J7VYHK5Z3II3AK9TMVO","Watch pairs of videos and indicate your preferences (paired comparison)","This is a survey on audio-video preferences for an academic study","survey, video, audio, comparison, paired comparison","$5.00","Mon Jun 14 14:06:53 PDT 2021","120","BatchId:4476077;OriginalHitTemplateId:920937340;","3600","259200","Wed Jun 16 14:06:53 PDT 2021","","","3YHH42UU5EG2544RD6AK1G1Q6X5L09","AVOF14300525D","Submitted","Mon Jun 14 17:57:31 PDT 2021","Mon Jun 14 18:43:02 PDT 2021","Thu Jun 17 18:43:02 PDT 2021","","","","2731","0% (0/0)","0% (0/0)","0% (0/0)","80197"
"302OLP89E272GUA92T9CYJRT69HACR","3Q5AG2X64U1J7VYHK5Z3II3AK9TMVO","Watch pairs of videos and indicate your preferences (paired comparison)","This is a survey on audio-video preferences for an academic study","survey, video, audio, comparison, paired comparison","$5.00","Mon Jun 14 14:06:53 PDT 2021","120","BatchId:4476077;OriginalHitTemplateId:920937340;","3600","259200","Wed Jun 16 14:06:53 PDT 2021","","","3YHH42UU5EG2544RD6AK1G1Q6ZNL0V","AQV468FB908WI","Submitted","Tue Jun 15 06:05:04 PDT 2021","Tue Jun 15 06:40:02 PDT 2021","Fri Jun 18 06:40:02 PDT 2021","","","","2098","0% (0/0)","0% (0/0)","0% (0/0)","26291"
"302OLP89E272GUA92T9CYJRT69HACR","3Q5AG2X64U1J7VYHK5Z3II3AK9TMVO","Watch pairs of videos and indicate your preferences (paired comparison)","This is a survey on audio-video preferences for an academic study","survey, video, audio, comparison, paired comparison","$5.00","Mon Jun 14 14:06:53 PDT 2021","120","BatchId:4476077;OriginalHitTemplateId:920937340;","3600","259200","Wed Jun 16 14:06:53 PDT 2021","","","3ZDAD0O1T4EYL7I7PR1IWLYIAI6XTF","A13XXMDHOULEZ7","Submitted","Mon Jun 14 23:08:28 PDT 2021","Tue Jun 15 00:02:26 PDT 2021","Fri Jun 18 00:02:26 PDT 2021","","","","3238","0% (0/0)","0% (0/0)","0% (0/0)","1732"
"302OLP89E272GUA92T9CYJRT69HACR","3Q5AG2X64U1J7VYHK5Z3II3AK9TMVO","Watch pairs of videos and indicate your preferences (paired comparison)","This is a survey on audio-video preferences for an academic study","survey, video, audio, comparison, paired comparison","$5.00","Mon Jun 14 14:06:53 PDT 2021","120","BatchId:4476077;OriginalHitTemplateId:920937340;","3600","259200","Wed Jun 16 14:06:53 PDT 2021","","","3ZOTGHDK5LCACYR0Z09W33B3WU9OSW","ATBGHQ2VYNIVZ","Submitted","Mon Jun 14 14:13:19 PDT 2021","Mon Jun 14 14:43:10 PDT 2021","Thu Jun 17 14:43:10 PDT 2021","","","","1791","0% (0/0)","0% (0/0)","0% (0/0)","no code was provided"
"302OLP89E272GUA92T9CYJRT69HACR","3Q5AG2X64U1J7VYHK5Z3II3AK9TMVO","Watch pairs of videos and indicate your preferences (paired comparison)","This is a survey on audio-video preferences for an academic study","survey, video, audio, comparison, paired comparison","$5.00","Mon Jun 14 14:06:53 PDT 2021","120","BatchId:4476077;OriginalHitTemplateId:920937340;","3600","259200","Wed Jun 16 14:06:53 PDT 2021","","","3ZY8KE4ISM4TP2LK88653VQAAZMQVC","AA9V4NE8SOA4I","Submitted","Mon Jun 14 14:20:26 PDT 2021","Mon Jun 14 14:59:29 PDT 2021","Thu Jun 17 14:59:29 PDT 2021","","","","2343","0% (0/0)","0% (0/0)","0% (0/0)","We thank you for your time spent taking this survey. Your response has been recorded.AA9V4NE8SOA4I"